company_code,customer_id
US001,ALF485
US001,BPP506
US001,CYR150
US001,HNQ923
US001,QFC049
US001,VVX576
US001,WRV082
US001,GVN540
US001,TRE596
US001,KVJ290
US001,YDM332
US001,WZD569
US001,FBE152
US001,GWM205
US001,VBI076
US001,HWU705
US001,QVL746
US001,JCH336
US001,ELW827
US001,XGL558
US001,RQS511
US001,NNG468
US001,KNW044
US001,BHX954
US001,ZKE592
US001,RXC591
US001,RVR905
US001,EGJ359
US001,UCK262
US001,ISS598
US001,ENT871
US001,GOP511
US001,URN842
US001,QPJ086
US001,DSU031
US001,DBT501
US001,UMZ439
US001,RMO898
US001,RQG258
US001,ZNH758
US001,LTE813
US001,AJT389
US001,GMN788
US001,OBW293
US001,IEU938
US001,FYM212
US001,ULB065
US001,CIT440
US001,WZW665
US001,JPC465
US001,GVU194
US001,JXJ238
US001,PTN182
US001,MZZ850
US001,WTQ460
US001,YLT964
US001,NPB485
US001,EMU368
US001,HKU771
US001,IWE175
US001,DEY134
US001,LXT658
US001,ZGJ203
US001,ANE954
US001,MPW059
US001,QNJ652
US001,TLT379
US001,OTQ623
US001,XHY892
US001,BCV208
US001,YVF736
US001,GGH734
US001,UUM817
US001,HHS472
US001,LQS623
US001,DWR531
US001,PTW008
US001,HKK502
US001,MSO886
US001,VFZ242
US001,KGV367
US001,CNA420
US001,PCO815
US001,PUU278
US001,VRN733
US001,PRY003
US001,VSG389
US001,WIF109
US001,SSK238
US001,WQM948
US001,QLY355
US001,IWQ225
US001,XBK112
US001,TCP649
US001,DWJ131
US001,CPG352
US001,NWV518
US001,JPM216
US001,UBZ263
US001,XDY227
US001,FOW399
US001,XSB266
US001,FIE031
US001,GNW373
US001,NLE255
US001,QFS583
US001,JKM036
US001,YPO509
US001,ADR478
US001,COM081
US001,ROB707
US001,UMG233
US001,DBY137
US001,TLR284
US001,WPY522
US001,BXR490
US001,BAL665
US001,DUS813
US001,KSG580
US001,BUY973
US001,CBD045
US001,CZW426
US001,OMK280
US001,TJK890
US001,FRD814
US001,XEZ618
US001,NIR812
US001,WSH950
US001,BAX826
US001,MNG427
US001,WMB729
US001,FSS270
US001,LAE649
US001,FTG824
US001,UFJ329
US001,MFA832
US001,FXL054
US001,YPR354
US001,AQQ414
US001,VWL262
US001,SSR539
US001,ZEE141
US001,FHJ084
US001,WUZ060
US001,SYP747
US001,RDJ017
US001,JKG832
US001,UXW470
US001,EGP953
US001,LJI113
US001,TBT620
US001,NUP823
US001,QRJ920
US001,LVP430
US001,AYF436
US001,MBF129
US001,EVS656
US001,PTY339
US001,UNL235
US001,EUU464
US001,IMC111
US001,LYY041
US001,IXT084
US001,WMN993
US001,WOF603
US001,KTL200
US001,VNV890
US001,LBH807
US001,DYG689
US001,VVE100
US001,JTV782
US001,RRT341
US001,LKU934
US001,QRZ993
US001,LGI973
US001,AAV855
US001,DUD598
US001,AQY857
US001,YJL847
US001,BNQ828
US001,CKW624
US001,TXJ091
US001,ZTM902
US001,CBJ289
US001,PCY088
US001,DTS395
US001,THF241
US001,VDJ415
US001,ZLJ429
US001,TID087
US001,LAM247
US001,GSL694
US001,UOM762
US001,TLU843
US001,TZM727
US001,GIL352
US001,VXD532
US001,NZT582
US001,QZG823
US001,CIE553
US001,RFJ006
US001,KUT318
US001,HNA940
US001,QKL088
US001,HAP535
US001,BOD453
US001,JKG472
US001,PKO583
US001,DZK363
US001,GGR444
US001,ULR547
US001,HSV999
US001,ZYZ992
US001,CBH463
US001,ZRG482
US001,DBB233
US001,ACC960
US001,YFU210
US001,EPH075
US001,FLU615
US001,QXP035
US001,PVX163
US001,CUP541
US001,VFY393
US001,NPP827
US001,QVP089
US001,SEY515
US001,BNF393
US001,GGY799
US001,UVR928
US001,DXN197
US001,QCG224
US001,YQJ752
US001,LYQ219
US001,IBX330
US001,OMC539
US001,YHC866
US001,SHE792
US001,JUK200
US001,GGT445
US001,PDS196
US001,GEU133
US001,WOU763
US001,AJY109
US001,EAH287
US001,XIA707
US001,VKT552
US001,AKP163
US001,IOA525
US001,SEW943
US001,DVC925
US001,KWK313
US001,YMR562
US001,GSI519
US001,DRP283
US001,GXD677
US001,LGK502
US001,TVO930
US001,UBS251
US001,NTZ495
US001,PBL550
US001,QSJ968
US001,ITC845
US001,ORL769
US001,FHO792
US001,FJW753
US001,KFJ208
US001,HTF050
US001,OVK665
US001,DMV973
US001,LUQ978
US001,SBI836
US001,LHA586
US001,UHW695
US001,AMA328
US001,ZGC993
US001,BWK775
US001,HKP552
US001,VZX872
US001,TGI847
US001,PGE915
US001,PJT657
US001,DYV909
US001,ILE739
US001,NWR677
US001,JXR839
US001,LKG450
US001,ADZ753
US001,VHY939
US001,AOR869
US001,VQH419
US001,TOE731
US001,PPK345
US001,GXW517
US001,IYM453
US001,PTA126
US001,WDO809
US001,PZP264
US001,TIH911
US001,XIJ608
US001,GHN363
US001,LZQ861
US001,SLK578
US001,EOT287
US001,VED019
US001,JWC629
US001,TTT930
US001,FFI790
US001,XMZ186
US001,BGN454
US001,OBC089
US001,RIZ591
US001,CYA745
US001,PJY992
US001,WYD511
US001,GUT776
US001,RET625
US001,IVA700
US001,KIZ475
US001,WCM178
US001,FTE905
US001,QUJ709
US001,LPK498
US001,EXY873
US001,KHU688
US001,MTE451
US001,DAN985
US001,KFH780
US001,PGP559
US001,ZAE893
US001,YCY324
US001,KGS298
US001,COW206
US001,ZNL908
US001,SUD607
US001,HDD643
US001,VPR913
US001,IGL605
US001,JNV776
US001,GKG959
US001,PGR067
US001,VHU076
US001,ICR878
US001,PGJ802
US001,IGG663
US001,FPP204
US001,HJN419
US001,EEK189
US001,TYU642
US001,LSV777
US001,APH277
US001,TWX973
US001,UQX418
US001,RJU185
US001,NZO356
US001,ZQF341
US001,BYV287
US001,HXH785
US001,ALI670
US001,EHO022
US001,UMP080
US001,SDC005
US001,OYD559
US001,PSO927
US001,XHG374
US001,JNU910
US001,SDB885
US001,THA934
US001,SPN343
US001,DUQ846
US001,GDL884
US001,TPA709
US001,ZER000
US001,DJI923
US001,EXJ091
US001,IWT462
US001,PBA663
US001,LEK481
US001,GBG624
US001,AVW429
US001,HSH798
US001,VBH963
US001,RZO193
US001,VVE118
US001,OCE516
US001,BCZ366
US001,VQN845
US001,LCD388
US001,OZU597
US001,ZEO810
US001,YRU043
US001,ETS717
US001,MJB795
US001,LNV183
US001,ZPI835
US001,KME471
US001,RRI827
US001,PPJ815
US001,GMK761
US001,TTM188
US001,QAE607
US001,PAD973
US001,JID033
US001,ZIM016
US001,VRY673
US001,QJD881
US001,OSN507
US001,KOF854
US001,YJA693
US001,GLI575
US001,IEE278
US001,RKR810
US001,SGH323
US001,DMJ483
US001,LVT719
US001,WUW540
US001,JBZ260
US001,YKZ313
US001,SFD031
US001,WKS378
US001,YWN464
US001,GLE828
US001,MOD593
US001,GKO468
US001,UKB795
US001,DBH278
US001,TAP397
US001,WBL464
US001,LEY847
US001,EKR534
US001,LCO612
US001,ZSY947
US001,VER558
US001,WCB892
US001,DVM604
US001,KWI550
US001,BUK592
US001,JVO684
US001,MYC451
US001,KLR242
US001,UIV918
US001,OOR640
US001,TDJ500
US001,SXW985
US001,PTE847
US001,PEN674
US001,EER173
US001,ERG119
US001,PQR383
US001,TFV962
US001,VOK885
US001,LHJ595
US001,JIM020
US001,TWL118
US001,KQF393
US001,JFS689
US001,QWT340
US001,CGF222
US001,ARG087
US001,WQW348
US001,GLV175
US001,PAZ204
US001,VKE359
US001,JJS953
US001,QIF852
US001,HCI446
US001,FWJ982
US001,KVD999
US001,YAW537
US001,VHS185
US001,JQE910
US001,TFU276
US001,BCU964
US001,VDZ946
US001,TLC100
US001,BFO059
US001,OSN455
US001,EOD180
US001,ROV012
US001,DWO108
US001,TLG314
US001,WJE984
US001,ZGZ378
US001,RQK670
US001,UKN587
US001,TPM416
US001,NFE415
US001,XYW587
US001,SYW011
US001,VQR442
US001,NWD861
US001,BAV649
US001,QAB268
US001,WJN215
US001,VIO485
US001,GVL437
US001,FXB152
US001,KRG907
US001,STF605
US001,GVK048
US001,GCB208
US001,IVW979
US001,PJD328
US001,JED310
US001,IHZ746
US001,GUN546
US001,YSQ649
US001,TIE594
US001,MRW514
US001,LEU420
US001,PVS695
US001,PVK401
US001,LDQ953
US001,TRL622
US001,AMU267
US001,QZY062
US001,NDK338
US001,HZG363
US001,CSP208
US001,DFD657
US001,JTS095
US001,OUD793
US001,FDI672
US001,WZC418
US001,FMZ949
US001,VBM062
US001,EIP167
US001,UCS986
US001,SJA983
US001,EHK806
US001,SGS700
US001,ELS258
US001,ODG221
US001,CIG820
US001,PBE223
US001,FTY176
US001,XUW518
US001,JQR282
US001,QJR562
US001,SZV525
US001,LHM190
US001,QPG742
US001,ZTU954
US001,NWS003
US001,WBM809
US001,KWE080
US001,AAY363
US001,VNX808
US001,MGK996
US001,NTR928
US001,HMR760
US001,WDN031
US001,OJV584
US001,BLC694
US001,LEN930
US001,DDI029
US001,WWO981
US001,GHJ260
US001,RZJ480
US001,UBK006
US001,KWH258
US001,JPW524
US001,ONJ882
US001,RUJ037
US001,IXJ746
US001,KSM543
US001,HYX822
US001,MXT835
US001,HCM624
US001,DRH922
US001,IWX558
US001,WAM119
US001,GDW988
US001,FAK522
US001,MJR811
US001,NTM367
US001,RCZ909
US001,BCL565
US001,HLB463
US001,SZU002
US001,DGM903
US001,CHH643
US001,ZBT659
US001,KAA103
US001,ULW951
US001,PHO972
US001,HQX737
US001,GKZ812
US001,WVY038
US001,VAM174
US001,TRI355
US001,IBN816
US001,QKW927
US001,SID364
US001,DAA503
US001,AWB191
US001,FWO558
US001,JYJ373
US001,REE757
US001,VFN845
US001,BJQ441
US001,JFS170
US001,GUX873
US001,GEK441
US001,LFW025
US001,NIT791
US001,DYR403
US001,DED409
US001,TVM896
US001,FYX404
US001,QJZ489
US001,WCL565
US001,DJY680
US001,YCX213
US001,EPF879
US001,PQP850
US001,DFW379
US001,JAH558
US001,ZHG854
US001,CDL964
US001,NDN897
US001,PCW968
US001,PTL970
US001,WCF856
US001,JVK421
US001,JKL876
US001,DZS431
US001,EJQ502
US001,HQF567
US001,BRB808
US001,RNQ240
US001,DZB167
US001,KKF719
US001,KTC174
US001,APK225
US001,TWB387
US001,DIF430
US001,TXX099
US001,HYV662
US001,SFK393
US001,IBS304
US001,EAG730
US001,LTA026
US001,WOS888
US001,PVW580
US001,VIQ361
US001,RMX247
US001,UKY318
US001,CRC908
US001,HIK419
US001,CUA951
US001,BFB619
US001,IIA462
US001,WVS165
US001,PZO049
US001,JRU984
US001,JET587
US001,SSG261
US001,AIW310
US001,PXT438
US001,AWK692
US001,JML177
US001,SZQ469
US001,YHO109
US001,GVJ601
US001,XFQ192
US001,RAO892
US001,LBH619
US001,WOS150
US001,TTG337
US001,PQC870
US001,AGY312
US001,LPV843
US001,SSP789
US001,CJQ548
US001,JUY742
US001,PRW597
US001,VNH921
US001,BVD706
US001,KAO827
US001,EIG223
US001,CCP253
US001,JWC354
US001,LWO971
US001,TJH969
US001,MIF581
US001,MBC532
US001,QWF801
US001,HTK299
US001,OHM039
US001,JYK093
US001,SSG309
US001,BSA231
US001,LCP702
US001,KDN465
US001,WLZ251
US001,XOW239
US001,EJY861
US001,UOQ315
US001,DTN343
US001,SPQ040
US001,UEI896
US001,WCZ693
US001,UVW046
US001,MWZ631
US001,TZT043
US001,AGG058
US001,IPJ001
US001,KJW360
US001,HVM166
US001,TEL477
US001,NNT305
US001,NOL778
US001,OZN867
US001,KZQ521
US001,AYL345
US001,TBS103
US001,QCA997
US001,WQH151
US001,FTV193
US001,ZDN812
US001,FLT128
US001,QBH277
US001,MPO501
US001,TPP964
US001,JOO557
US001,TGR477
US001,JYR740
US001,BHI211
US001,FAH195
US001,ZWT064
US001,ZIC817
US001,TTJ721
US001,SKT971
US001,EKJ732
US001,QZE797
US001,KWI008
US001,DXL594
US001,XFK046
US001,JVR544
US001,RWE375
US001,TGS691
US001,SAT294
US001,CAK327
US001,GGI348
US001,CFE047
US001,WMQ907
US001,TKK768
US001,RII130
US001,MRG885
US001,BXX907
US001,HUM711
US001,RLP431
US001,MIZ191
US001,ERL976
US001,OFO384
US001,YTH580
US001,VVF639
US001,KKF066
US001,RYL726
US001,NPX144
US001,KZR505
US001,HWE801
US001,NSV990
US001,GND695
US001,PHB836
US001,FRO535
US001,VHM323
US001,MWL427
US001,OZR032
US001,EYD035
US001,UCI288
US001,RNZ941
US001,YUH411
US001,CPO614
US001,KXE763
US001,IMF756
US001,PAN600
US001,UED505
US001,NFB405
US001,JVK776
US001,NGV819
US001,APY325
US001,RIG142
US001,RAH995
US001,MLE237
US001,GCT040
US001,YHX105
US001,VMX140
US001,IGQ227
US001,VXR140
US001,HRG972
US001,DXC728
US001,FDY056
US001,HIY598
US001,SST181
US001,VMH170
US001,DSQ399
US001,YMQ204
US001,MPG624
US001,EAM278
US001,GVT565
US001,DRP628
US001,KMY979
US001,MKA736
US001,XSV950
US001,SKQ187
US001,FLR947
US001,CFA625
US001,TAE791
US001,QLF553
US001,PLU502
US001,YCE198
US001,FTC390
US001,NZA403
US001,BTF952
US001,RYL111
US001,KFN021
US001,UHU403
US001,JJO102
US001,HMH805
US001,LYE156
US001,NDT170
US001,XGS498
US001,WHT838
US001,WRQ731
US001,BAA761
US001,GIR824
US001,YAW280
US001,INF441
US001,NKS694
US001,LMV919
US001,MII087
US001,GNS796
US001,ZMM254
US001,ZIH603
US001,JXW735
US001,PTZ094
US001,UAY046
US001,TBF373
US001,XGF803
US001,QTA969
US001,QRR516
US001,AOJ467
US001,IAL256
US001,ASR518
US001,ZND557
US001,LIU565
US001,GWL383
US001,BOT477
US001,VNH609
US001,RJI574
US001,ZPK329
US001,LMP284
US001,RVQ665
US001,DZV547
US001,ONC532
US001,KGL354
US001,KVY063
US001,KMW839
US001,ARC572
US001,SWI289
US001,RRC142
US001,ZXI960
US001,RME231
US001,OPA401
US001,RMG341
US001,JZW346
US001,NCQ344
US001,QZL865
US001,VVW035
US001,BNQ199
US001,VEY534
US001,QNE455
US001,CIG169
US001,QAB941
US001,DRE015
US001,VTS530
US001,LGS093
US001,VZF978
US001,RKY256
US001,ALJ367
US001,OJJ909
US001,IJK288
US001,PIS927
US001,FYM363
US001,VVW603
US001,FSX297
US001,LCZ590
US001,AVM628
US001,VFL699
US001,EHU134
US001,WOD917
US001,GEJ811
US001,HQZ160
US001,DJO043
US001,ETD784
US001,EMW438
US001,UZB487
US001,HPP139
US001,ZXQ617
US001,HCK118
US001,IDS773
US001,ACA937
US001,UFE936
US001,SNL181
US001,IEC693
US001,GNB526
US001,ANY699
US001,VHX203
US001,AGW752
US001,KUH566
US001,RPX617
US001,QNL728
US001,BKB293
US001,ECC361
US001,NOI909
US001,SPH407
US001,EVK407
US001,JXZ317
US001,OUN200
US001,YOY538
US001,BHA484
US001,UVJ289
US001,RWA412
US001,WAV772
US001,JHC237
US001,QWZ631
US001,YCJ069
US001,ZOL445
US001,EQD808
US001,CRB603
US001,DFY381
US001,EWA519
US001,FGB980
US001,RCU260
US001,QCY107
US001,GEJ220
US001,RQW774
US001,IRG316
US001,FPF776
US001,IXY540
US001,OXN619
US001,SGA436
US001,LLB803
US001,KHV032
US001,LKU211
US001,XCH566
US001,SYK610
US001,ZDU514
US001,KNU952
US001,DKC430
US001,FNG130
US001,QQL832
US001,CSE412
US001,YOL171
US001,GIH400
US001,AIK748
US001,AKJ742
US001,HGJ830
US001,VOZ837
US001,UGD176
US001,GRC289
US001,BWJ110
US001,UTW451
US001,UJY920
US001,OFC624
US001,JBU747
US001,NCH609
US001,ZSO966
US001,EVD988
US001,KAX336
US001,RVQ532
US001,XQF995
US001,DNF547
US001,QHR278
US001,UEX472
US001,MSR362
US001,YSL001
US001,UZN507
US001,CNK608
US001,LQI719
US001,GLD294
US001,THZ305
US001,FHN146
US001,LJC723
US001,BLZ145
US001,PIV748
US001,PZQ680
US001,EFT262
US001,BRA440
US001,SLZ383
US001,NHN789
US001,BBN475
US001,AWJ663
US001,SOU875
US001,BLX126
US001,QVP762
US001,XEH652
US001,AFQ790
US001,DLE760
US001,OFI971
US001,OIE287
US001,DZE354
US001,RNZ070
US001,ROA374
US001,KXZ328
US001,TKD291
US001,VMK439
US001,XJD494
US001,ZZN697
US001,OAW365
US001,WFB194
US001,WIC793
US001,ZNG075
US001,ATV788
US001,JVT970
US001,YCW789
US001,JCH140
US001,QYA393
US001,BSP037
US001,ZWK335
US001,HPP414
US001,HFO855
US001,WED026
US001,BTS265
US001,RIX545
US001,XNE662
US001,JVG308
US001,PCI097
US001,HQU893
US001,CXS815
US001,GAN666
US001,XVL279
US001,QPT288
US001,EWU006
US001,YAR477
US001,HWP980
US001,YCV459
US001,TNJ449
US001,ECV152
US001,TZG527
US001,MGH043
US001,OZI990
US001,KWV037
US001,HYB334
US001,YQD913
US001,RHI482
US001,TKL183
US001,ELH459
US001,VCI952
US001,FPN428
US001,GOO312
US001,JCC036
US001,TFG823
US001,YPA691
US001,YKL005
US001,BVO614
US001,LWS627
US001,XIC245
US001,GKL271
US001,RLI659
US001,ZNL690
US001,UYE907
US001,MFH704
US001,RJI166
US001,SHA364
US001,NOU086
US001,HQU643
US001,BFH135
US001,IKN425
US001,ABK009
US001,VHX005
US001,REW610
US001,ZDO352
US001,GPU045
US001,JUG007
US001,EET141
US001,YOL182
US001,XCU520
US001,ZGV562
US001,ABE476
US001,SQC578
US001,TFX545
US001,RCU466
US001,GWH352
US001,JCZ485
US001,KVD615
US001,GZW899
US001,YKM804
US001,YIY379
US001,ZMI102
US001,KSF438
US001,GQA401
US001,QBQ138
US001,TYC740
US001,OPO101
US001,UGV861
US001,BLS179
US001,QML543
US001,ZUN580
US001,QQL881
US001,JSB421
US001,ZCA250
US001,YNG963
US001,HUB717
US001,HRC357
US001,RDA709
US001,ZMO417
US001,IEX131
US001,MEX939
US001,WKJ757
US001,ZSZ230
US001,FMO052
US001,VQB522
US001,TPA095
US001,ADC172
US001,EZF473
US001,DHY091
US001,RMN252
US001,CKT236
US001,LJX603
US001,XMN121
US001,KMX175
US001,EOG349
US001,IOJ405
US001,ZBR946
US001,DUJ561
US001,HSE583
US001,ZGN598
US001,ITL929
US001,VAK616
US001,WMM299
US001,NHW535
US001,GHW505
US001,DHK866
US001,ZIX123
US001,DAH213
US001,ESL627
US001,HZL634
US001,GJJ491
US001,CVM966
US001,RHK743
US001,CBE514
US001,CXU553
US001,MJJ947
US001,VXY568
US001,OBF681
US001,LPB140
US001,HCJ631
US001,DTH051
US001,KUP243
US001,ABR097
US001,ELT197
US001,IPA851
US001,GSB552
US001,OAF639
US001,HSB578
US001,PRA629
US001,MIL263
US001,YLA350
US001,JME026
US001,PLL625
US001,AAN129
US001,WPD772
US001,TOP217
US001,BZO426
US001,QWQ967
US001,ZTZ207
US001,XKY289
US001,MHC752
US001,MST370
US001,XJA913
US001,QAX275
US001,KAX950
US001,LMR528
US001,ACL494
US001,PGN301
US001,OJH642
US001,LLW428
US001,DWJ593
US001,VEV189
US001,VSL459
US001,LMR591
US001,BTK211
US001,AIX493
US001,UGI593
US001,VLV803
US001,HFL672
US001,YJX726
US001,EQF357
US001,DGA616
US001,NYE795
US001,AAQ907
US001,FLX035
US001,DBE564
US001,ZVN609
US001,UDL113
US001,XCM838
US001,AJZ964
US001,NYW625
US001,BYM990
US001,UHO938
US001,DGU038
US001,XNE514
US001,IEY846
US001,BSS281
US001,HHS294
US001,KAE509
US001,ACY876
US001,VPV584
US001,DPA839
US001,VMF461
US001,TSH811
US001,ZHV097
US001,JJF779
US001,ICB274
US001,AVL477
US001,FQQ254
US001,ADO438
US001,JPI624
US001,CQN767
US001,RNG375
US001,NIJ469
US001,FVS139
US001,TZB721
US001,DIP574
US001,RMB559
US001,IJG613
US001,FTD761
US001,SVB601
US001,NGO482
US001,XHO499
US001,PRR437
US001,LJE930
US001,HAK422
US001,PFB813
US001,YJM957
US001,FSH295
US001,QPR679
US001,KKK612
US001,BXB531
US001,SVJ353
US001,YYC095
US001,DJT056
US001,GXG851
US001,AHK708
US001,YGJ942
US001,SNM621
US001,QBE151
US001,HRM521
US001,CMO453
US001,XLO342
US001,JEL393
US001,RSE559
US001,VTD577
US001,YGN153
US001,CXH411
US001,DIJ876
US001,DMQ005
US001,UIM420
US001,GQY458
US001,UVI164
US001,ESD045
US001,UEU642
US001,KNO530
US001,STF148
US001,EJQ814
US001,PJB416
US001,WTA154
US001,OOZ774
US001,RQK945
US001,WRO517
US001,WRY029
US001,JZS373
US001,MBD261
US001,VLR541
US001,PXJ317
US001,HMM244
US001,VYF954
US001,TFJ153
US001,MTC151
US001,IFW406
US001,WYE368
US001,UAK254
US001,RZS844
US001,TTT027
US001,ICG487
US001,WMT907
US001,OPD241
US001,VOM818
US001,NDH402
US001,BBI754
US001,NDL940
US001,XVS101
US001,KKF442
US001,QBJ799
US001,DTL984
US001,AMG551
US001,OQY341
US001,HZU123
US001,VQJ877
US001,QVW372
US001,GUZ245
US001,DXG228
US001,KEV298
US001,AXF841
US001,DYR353
US001,VWL276
US001,JTK042
US001,MEY694
US001,OGV454
US001,PGF809
US001,JMB336
US001,LNB930
US001,LUP246
US001,YXS890
US001,VRI811
US001,QAO747
US001,VAT486
US001,KXL457
US001,RRN195
US001,NRU637
US001,NUP535
US001,UJZ814
US001,LIF260
US001,UJW140
US001,WVD027
US001,DYH758
US001,VCW195
US001,XCZ105
US001,FLA208
US001,TUP356
US001,WIY142
US001,GRH912
US001,MYW461
US001,NQR662
US001,REN980
US001,DZD767
US001,TOV271
US001,QUI021
US001,QFK300
US001,NHI497
US001,AHN888
US001,RCC872
US001,SAQ888
US001,FOM931
US001,WOH812
US001,CPI888
US001,WIR167
US001,TUD174
US001,QJW587
US001,GBA741
US001,ZJH019
US001,CDA521
US001,ARQ002
US001,TAM321
US001,WZI907
US001,MOG893
US001,XJY163
US001,FDJ858
US001,FLR305
US001,WSD349
US001,ABZ467
US001,PBQ354
US001,NBJ277
US001,ARR363
US001,QJQ466
US001,NJA266
US001,GTS773
US001,EOA138
US001,KDL993
US001,XZF468
US001,DZQ086
US001,GPB478
US001,WQD527
US001,GZB338
US001,JMF055
US001,RCX517
US001,DNO226
US001,TIY692
US001,LGE001
US001,QNB363
US001,JGD421
US001,VRQ541
US001,XCH553
US001,JKX112
US001,MKX174
US001,DFG902
US001,XYZ540
US001,TOB257
US001,EUZ612
US001,UFZ292
US001,BFX214
US001,IYY218
US001,XHC845
US001,WTZ710
US001,IUT981
US001,OQH450
US001,ADA167
US001,HTM299
US001,CHG584
US001,MDM832
US001,RUL775
US001,NYF809
US001,IFH930
US001,FEV664
US001,VQV657
US001,VET459
US001,JLO382
US001,INS948
US001,FZM167
US001,HZP170
US001,JOS352
US001,QBQ811
US001,HOG740
US001,LOL035
US001,XET324
US001,JVQ055
US001,PHZ502
US001,ECN256
US001,MIK102
US001,UZK984
US001,DJQ136
US001,SLH289
US001,TRV775
US001,VIT730
US001,HLF016
US001,KLG432
US001,INP732
US001,KMN574
US001,TPC435
US001,PNT418
US001,QTB718
US001,OLC453
US001,QOI655
US001,OUS314
US001,KKI892
US001,EQD551
US001,KJX401
US001,DFV199
US001,ILH563
US001,TYV998
US001,AFI584
US001,GWL059
US001,DNJ560
US001,RFU752
US001,NSO329
US001,STS734
US001,LPH681
US001,PFV472
US001,JHS211
US001,FXG238
US001,IFD912
US001,CVT115
US001,VOP189
US001,AFU613
US001,XVS618
US001,TUL028
US001,MOE604
US001,GOA883
US001,AIF886
US001,YWJ848
US001,MDI114
US001,LYW282
US001,EHK258
US001,RFT246
US001,BPK811
US001,JFQ688
US001,MMM843
US001,HQS911
US001,FJF189
US001,CTS846
US001,QKF619
US001,CZH685
US001,JPQ733
US001,ZJL116
US001,FSJ450
US001,WOJ881
US001,BUD620
US001,GYV436
US001,DED782
US001,TGN542
US001,YZP880
US001,JLM509
US001,TRN266
US001,SEI080
US001,XME370
US001,NBJ861
US001,ZMW101
US001,TIX580
US001,VMJ909
US001,BZA957
US001,IRO183
US001,WKI358
US001,IQZ955
US001,IKV997
US001,ENN985
US001,THV167
US001,LPR973
US001,GBZ761
US001,MYR194
US001,XQA755
US001,DDU654
US001,SWD721
US001,UMI661
US001,SKN332
US001,CLR406
US001,SKW284
US001,TWI877
US001,ZBB467
US001,PFL850
US001,SWO587
US001,XTQ060
US001,PHA240
US001,WZI522
US001,FDS191
US001,XTJ648
US001,OTM609
US001,VSP364
US001,OYH021
US001,WMC508
US001,BRT414
US001,AUA162
US001,JTG022
US001,WYQ635
US001,XBU803
US001,ZVK434
US001,CSC846
US001,WIA721
US001,LDE144
US001,KYQ688
US001,DIK641
US001,BQK984
US001,RWY419
US001,BGN662
US001,FVG096
US001,DWC627
US001,CBG370
US001,MWE250
US001,AHA684
US001,GCU820
US001,XDM006
US001,VTB407
US001,WCC233
US001,IPM189
US001,BLO179
US001,PCF503
US001,JNS212
US001,UTI946
US001,UFX663
US001,IKP925
US001,OKB456
US001,ZWK156
US001,TAP248
US001,HSE322
US001,NQZ201
US001,RYX800
US001,ORH904
US001,HGP815
US001,EFJ522
US001,BXN258
US001,UBW521
US001,JXQ932
US001,LWS219
US001,ZEB620
US001,JHW893
US001,KAG260
US001,GQP457
US001,NEC300
US001,ZYI496
US001,XPR299
US001,MPE678
US001,NGK915
US001,MAM584
US001,LHV186
US001,TOU765
US001,SNE404
US001,LGS972
US001,BKW318
US001,KII721
US001,RRL855
US001,OOG541
US001,FQO662
US001,PYI046
US001,MSF765
US001,WCY129
US001,JKU451
US001,YCQ964
US001,KFE956
US001,CNX613
US001,IWX486
US001,ELA095
US001,LEL870
US001,DOJ283
US001,STF211
US001,ZVR141
US001,DBZ452
US001,JTP063
US001,SWT606
US001,SQX397
US001,NSZ867
US001,JSI508
US001,FKC182
US001,MRO859
US001,HVZ772
US001,MQW503
US001,HMH735
US001,HYX243
US001,RLF092
US001,RVG609
US001,YGW577
US001,PXG193
US001,RBS197
US001,XRT657
US001,GXX301
US001,CFC834
US001,JJR594
US001,PWH972
US001,MJM178
US001,WVN004
US001,ZWP296
US001,YJC304
US001,EGU075
US001,BVO020
US001,GVF115
US001,HMR953
US001,JDE871
US001,IFC138
US001,PFJ444
US001,BWN713
US001,RCW622
US001,VAG838
US001,DXU428
US001,EQL602
US001,YGV099
US001,TGO173
US001,YVF073
US001,KNY356
US001,OEE983
US001,SPP356
US001,VEA231
US001,CSF816
US001,RTR704
US001,HYV875
US001,YQF366
US001,FHO454
US001,HAL560
US001,GHZ204
US001,HZO129
US001,AGY322
US001,GOR831
US001,MQG788
US001,ZHW992
US001,SEP322
US001,CVA671
US001,GSX759
US001,HMC538
US001,RHJ635
US001,SXO536
US001,IOS684
US001,SDJ651
US001,KKV615
US001,DII713
US001,KEL245
US001,UZH497
US001,CDC467
US001,MZW409
US001,XBH050
US001,ZPU866
US001,KNH519
US001,THJ447
US001,NWX118
US001,PXZ082
US001,ZXU155
US001,EWH829
US001,FML675
US001,XZN274
US001,ONZ113
US001,AFS410
US001,VWR326
US001,NFP880
US001,YIL419
US001,WDA335
US001,KYD001
US001,XHU651
US001,WVC481
US001,XJK761
US001,RBT366
US001,YBR626
US001,MCM365
US001,FRF453
US001,NBI860
US001,XCD525
US001,HAD609
US001,TTM162
US001,GMN722
US001,RQH586
US001,WKI420
US001,VTN790
US001,DIC335
US001,ZTA624
US001,QVL496
US001,UOB630
US001,AIR768
US001,UMC703
US001,PGA407
US001,BNO425
US001,NTV942
US001,KXF853
US001,VBG009
US001,HXJ243
US001,EPG191
US001,FAY882
US001,XGQ961
US001,AQS126
US001,JCO559
US001,XHU402
US001,ZHL762
US001,RKX058
US001,QLB740
US001,XOJ435
US001,CBN763
US001,GSM930
US001,YVN200
US001,DFS685
US001,LZF368
US001,YGC266
US001,NNN572
US001,OYB261
US001,NGT031
US001,YAO246
US001,QJM019
US001,DOZ536
US001,VLN220
US001,MDE713
US001,XBZ990
US001,LEM329
US001,HRP792
US001,IOH230
US001,SAP845
US001,TSP886
US001,ZQH065
US001,ICU541
US001,OHV737
US001,UPD089
US001,MXK318
US001,RND057
US001,SYV513
US001,ZZD620
US001,DUX937
US001,TAT160
US001,FCG808
US001,NVF724
US001,PDZ065
US001,WQU396
US001,MWA189
US001,OUT504
US001,LAX292
US001,HNZ687
US001,DGS171
US001,COM111
US001,ZIJ141
US001,XAR312
US001,EED289
US001,SQS921
US001,OQN067
US001,SJO703
US001,CBY397
US001,LSJ703
US001,IFV722
US001,XCX181
US001,OKF755
US001,OBJ248
US001,LZL870
US001,DYR415
US001,KQA514
US001,QPJ851
US001,XLE847
US001,HZV371
US001,ZWY087
US001,LBJ138
US001,UUB796
US001,HAR622
US001,BNG382
US001,IBM911
US001,XLD728
US001,KWW321
US001,UMB995
US001,IZB977
US001,VBC189
US001,PYY737
US001,VUS154
US001,BKA566
US001,PZS550
US001,JZK525
US001,UZY436
US001,IDE592
US001,PTT644
US001,SVE786
US001,KLT777
US001,IMV189
US001,ZTW055
US001,NLE064
US001,RBT819
US001,QZS252
US001,WSK125
US001,YIR552
US001,VQH287
US001,DVS621
US001,YJS683
US001,BTR004
US001,RIQ803
US001,DXA803
US001,OAK663
US001,TVV767
US001,ZSS250
US001,XYO429
US001,FNU541
US001,MJT577
US001,ROS735
US001,HNL450
US001,QSO639
US001,LSP191
US001,AXB184
US001,LOP797
US001,YSK070
US001,FST392
US001,PBX100
US001,MIN185
US001,YHD981
US001,GQS364
US001,MYW912
US001,QOY901
US001,LCT413
US001,GMR129
US001,OFL717
US001,TXN784
US001,ZRV603
US001,HWU522
US001,ANP878
US001,MYP321
US001,LJX068
US001,XYN774
US001,FWR975
US001,UIA374
US001,UIW331
US001,DJB176
US001,JUB032
US001,HPK533
US001,DOC182
US001,JHK753
US001,WIS446
US001,UYL807
US001,VSD470
US001,LWQ997
US001,ZBH742
US001,WPD284
US001,UQU328
US001,YSP498
US001,RDQ688
US001,DSY200
US001,LOP592
US001,WWT029
US001,LHK519
US001,GBL156
US001,AGI246
US001,CJL475
US001,TKA576
US001,TAH862
US001,DXS670
US001,OAL743
US001,IJN277
US001,CDP861
US001,CJC201
US001,NNH747
US001,VHL908
US001,RRL224
US001,UXS997
US001,SRT492
US001,BJP340
US001,PVU009
US001,AXV291
US001,QRC323
US001,DHV129
US001,EKF595
US001,JVM798
US001,BDN846
US001,EGT770
US001,JGU594
US001,RNX045
US001,GQH434
US001,YKD059
US001,AXC660
US001,CCJ989
US001,UDC780
US001,NSJ315
US001,JBI067
US001,BPK981
US001,OWU198
US001,AEX530
US001,SSV440
US001,TPJ967
US001,NYY796
US001,RYK575
US001,CXK625
US001,XGG594
US001,JBO205
US001,SMW877
US001,YCB027
US001,KTV367
US001,OIX235
US001,PYD118
US001,DYO780
US001,CDM680
US001,JFP165
US001,TSP782
US001,URP418
US001,TVF454
US001,WWF162
US001,PNY563
US001,WBX271
US001,LKQ732
US001,LQI711
US001,TSD207
US001,SHB691
US001,YQT238
US001,KQC735
US001,IQW340
US001,GFY335
US001,OKF076
US001,YZH887
US001,GIP649
US001,CNE666
US001,XNK473
US001,JSR992
US001,ODS530
US001,WGC028
US001,RYU403
US001,BGB271
US001,ESP152
US001,NAU844
US001,TQB010
US001,WUK621
US001,NPH897
US001,TAT541
US001,WMK494
US001,XOQ351
US001,IWS966
US001,FAE553
US001,ZKR810
US001,XAE096
US001,HII815
US001,JDT206
US001,FLU196
US001,TRZ779
US001,XUR803
US001,GJJ101
US001,TXP208
US001,FCB444
US001,QUM979
US001,QNP365
US001,XYQ116
US001,XIK431
US001,TTA988
US001,IYE138
US001,BEN311
US001,JFA878
US001,ECR043
US001,HTK933
US001,TKI992
US001,OUJ419
US001,JGX662
US001,JJR919
US001,YRM254
US001,JRO225
US001,SXM736
US001,XOS391
US001,VPG296
US001,ZWG173
US001,DOP805
US001,RRH095
US001,FXU477
US001,LMZ338
US001,VEA792
US001,HGG564
US001,TER119
US001,YNP661
US001,MFN591
US001,YHL341
US001,IBX696
US001,NAP418
US001,NZN876
US001,LWO925
US001,YWJ357
US001,JZX592
US001,EZP961
US001,MAD486
US001,PCC421
US001,QSL660
US001,AWI801
US001,DGX668
US001,SCK794
US001,JTD346
US001,MCY459
US001,LHE722
US001,FMN674
US001,TRG781
US001,YPR115
US001,SAO825
US001,BYK099
US001,WNV945
US001,YDN106
US001,GDR512
US001,EBX252
US001,UWZ687
US001,TQK641
US001,WBL527
US001,IWZ522
US001,OHM775
US001,OWZ722
US001,UOY970
US001,OEF969
US001,HKO138
US001,MTE775
US001,QUT102
US001,RQY050
US001,QHK763
US001,SSR195
US001,LOY148
US001,UDY955
US001,QJU343
US001,BTZ779
US001,EGO049
US001,LJY157
US001,MDN801
US001,SPL477
US001,LWC433
US001,WNO078
US001,NSZ941
US001,KCJ224
US001,LOA013
US001,SUL320
US001,TBV827
US001,TQH906
US001,XHY195
US001,POA184
US001,FWP286
US001,CGR147
US001,MFH489
US001,WGM405
US001,EQE484
US001,KVQ771
US001,FHB753
US001,WBX573
US001,JAD002
US001,VZW762
US001,DHY809
US001,DIP585
US001,TSP125
US001,VYG942
US001,VJY636
US001,POH333
US001,KIH597
US001,FSO815
US001,XYL890
US001,UQD956
US001,UNH986
US001,FJN469
US001,IVX124
US001,DDB164
US001,RWY766
US001,XNW767
US001,JUJ463
US001,KWD543
US001,WAS319
US001,XRD305
US001,DEL730
US001,RFZ497
US001,CRI537
US001,CEB884
US001,QDY065
US001,ZWZ419
US001,CEU369
US001,GGX198
US001,JWC548
US001,BMO403
US001,DDS389
US001,WAK421
US001,APK355
US001,ORO336
US001,MGF559
US001,PPO933
US001,FGL878
US001,HPW567
US001,UOH847
US001,IVD416
US001,PQD191
US001,OFM840
US001,AAC862
US001,HOT627
US001,NHK576
US001,IAS157
US001,MAD893
US001,DMJ676
US001,GTY219
US001,DTL207
US001,NAC877
US001,CJU901
US001,VOZ524
US001,FNC361
US001,LSQ942
US001,YZW069
US001,MHO188
US001,HRE519
US001,OTO243
US001,FPJ699
US001,AGE347
US001,BRF212
US001,IRP262
US001,FLE386
US001,SMW536
US001,HVB933
US001,AXH697
US001,MSW433
US001,GOS928
US001,POB732
US001,PGQ993
US001,CJN703
US001,IUF960
US001,WTQ739
US001,ZDP868
US001,DPK070
US001,DXY557
US001,FVM818
US001,KUW662
US001,FRF081
US001,SSD692
US001,VYV038
US001,SAI587
US001,DUL565
US001,SZD829
US001,TKM772
US001,UBD646
US001,RSS879
US001,DGW742
US001,YGE913
US001,THB430
US001,QEO949
US001,HMA060
US001,EXG893
US001,CSC229
US001,JGV872
US001,FCQ383
US001,RDH841
US001,AXA496
US001,UFC837
US001,QJZ891
US001,TUD247
US001,IDZ682
US001,ZLF639
US001,BHN005
US001,GEE290
US001,NQW408
US001,CTG081
US001,TGF940
US001,ZDS353
US001,QBI611
US001,IJY577
US001,NWS994
US001,WTM769
US001,OLC709
US001,ZSJ720
US001,FNV398
US001,SKP804
US001,VOW140
US001,FTU258
US001,JGS511
US001,ETS091
US001,QGB097
US001,UGW775
US001,CSD969
US001,EHK942
US001,MEF402
US001,ZQE228
US001,YHS899
US001,PWX574
US001,WWU185
US001,WMR440
US001,MWU867
US001,DGS883
US001,AOI380
US001,LZU404
US001,ZTF832
US001,WPB113
US001,JIV415
US001,BLX297
US001,VWX325
US001,JWK661
US001,QOD591
US001,PRA758
US001,BSJ995
US001,IPT952
US001,KWP581
US001,PQM342
US001,EQX021
US001,UQK135
US001,OAB330
US001,XCE094
US001,YIV653
US001,GQG968
US001,MKH526
US001,XBC986
US001,CIQ203
US001,OHI378
US001,RDE559
US001,ZZW931
US001,MVX347
US001,KWE572
US001,XMN268
US001,SOP260
US001,WXS194
US001,ZNE412
US001,WHH556
US001,QPW393
US001,ZLE300
US001,JVF121
US001,ZWG848
US001,UPV351
US001,DQC873
US001,TLY112
US001,LJA127
US001,ZCG582
US001,ZEM774
US001,LLR591
US001,WEJ791
US001,XIA572
US001,TQC325
US001,TUA347
US001,ZRM437
US001,AXL608
US001,RDG234
US001,SCK338
US001,MNO430
US001,SQP579
US001,ZEY383
US001,SGP805
US001,ZRM035
US001,NQB225
US001,YEY769
US001,CVU951
US001,HSD604
US001,EVJ076
US001,HUH222
US001,HHY767
US001,RAV577
US001,DFT748
US001,TQV129
US001,GDJ238
US001,WOW201
US001,TTO220
US001,GUV577
US001,WWU767
US001,NFC750
US001,OSK408
US001,KYO716
US001,TDG455
US001,YPI975
US001,JAA951
US001,NSU732
US001,GHM986
US001,NDS987
US001,WWH228
US001,XQC500
US001,WHU963
US001,ANC597
US001,DYB547
US001,BYL978
US001,WLD726
US001,CEW414
US001,JCR624
US001,BGQ262
US001,YBK832
US001,GBH553
US001,JWH892
US001,QGN495
US001,ZTV495
US001,NPX724
US001,RZB590
US001,DUF596
US001,EDL627
US001,MXB188
US001,MHR474
US001,KKS403
US001,WQU638
US001,FFF330
US001,MDA151
US001,DEV395
US001,HYB436
US001,EUL349
US001,NLT466
US001,HZJ404
US001,HOI933
US001,AOU981
US001,JHV612
US001,IYW452
US001,WWN475
US001,QOX133
US001,HTI379
US001,UII287
US001,CVJ842
US001,YHZ388
US001,DJG991
US001,LNO927
US001,TZH229
US001,CZZ229
US001,NWH160
US001,UBX055
US001,FKQ256
US001,DQZ839
US001,TES049
US001,QFB294
US001,XMM137
US001,XRQ263
US001,FPW875
US001,FZN241
US001,ZCU480
US001,KGV629
US001,VTJ103
US001,GOY892
US001,PUA877
US001,SYQ495
US001,PGZ857
US001,UPR924
US001,XTB907
US001,DJV444
US001,FPV417
US001,CUV866
US001,MKB040
US001,WQF281
US001,XCL813
US001,GBR654
US001,CZB245
US001,XZP775
US001,HBJ207
US001,QSZ290
US001,FVL666
US001,ETS252
US001,VZW554
US001,FAH230
US001,LSW331
US001,XJE840
US001,SLC356
US001,EWJ400
US001,JCM461
US001,UXU142
US001,UFK320
US001,EGJ593
US001,HYL350
US001,CCA485
US001,WOY650
US001,SYK188
US001,EEF542
US001,YXS189
US001,JTB688
US001,DXW929
US001,QGU612
US001,XSR730
US001,JRN261
US001,TLJ515
US001,YGZ376
US001,CVQ213
US001,IBP303
US001,DNQ237
US001,WGT622
US001,RLB935
US001,TMN075
US001,JIS873
US001,ETG317
US001,IGN385
US001,UYZ611
US001,EHF174
US001,VXS200
US001,MAI280
US001,FQA516
US001,HLM478
US001,FXF645
US001,MNA958
US001,PTL594
US001,CIL822
US001,JJG837
US001,QOA034
US001,ITA136
US001,DAB775
US001,LZK166
US001,TSF853
US001,EJN295
US001,GYF199
US001,UHB069
US001,FJL905
US001,EAG995
US001,ONF683
US001,PQG517
US001,UFP375
US001,BAR725
US001,YRM891
US001,UCJ446
US001,ACC019
US001,XJB722
US001,HNM191
US001,RXD404
US001,MLY134
US001,BLE951
US001,RCF925
US001,HIK936
US001,OPO379
US001,SOK010
US001,SRJ270
US001,XPT130
US001,TQS264
US001,RKM701
US001,QBI609
US001,DVC265
US001,JJY063
US001,OXQ085
US001,FCU623
US001,FSO923
US001,ABZ556
US001,JSS376
US001,LVI329
US001,CKG763
US001,ICS637
US001,WYU201
US001,ZWS876
US001,XLL991
US001,QYJ824
US001,GRX845
US001,WGB569
US001,DRQ770
US001,EZE635
US001,PVO164
US001,QMB680
US001,AYF524
US001,XIA237
US001,NQT060
US001,SLH031
US001,RVI826
US001,EEF832
US001,UDV911
US001,OCW826
US001,VTV250
US001,JWU329
US001,CCV606
US001,AWO958
US001,SAO436
US001,PYM441
US001,HPG626
US001,IIU882
US001,DDG342
US001,TAG084
US001,XCB728
US001,KZC035
US001,QWE043
US001,LLR075
US001,VAM159
US001,FMH600
US001,LAW656
US001,UDL615
US001,FZQ957
US001,XWI565
US001,LWI170
US001,YZF859
US001,YAP937
US001,NHJ582
US001,WSN925
US001,ETC745
US001,MGF254
US001,SBS717
US001,LTS178
US001,FSZ809
US001,DNK141
US001,HFX035
US001,LYD517
US001,QSS204
US001,CPP191
US001,BXP255
US001,PQC497
US001,XJJ797
US001,UNV340
US001,ZHG300
US001,IPZ665
US001,ULJ214
US001,GAO715
US001,NCG589
US001,LWX265
US001,NQV335
US001,VHS689
US001,EIX687
US001,OPV365
US001,VUS342
