company_code,employee_id,cc_dd
US001,LD822,SSE02 
US001,BC980,SSE02 
US001,AU885,SSE02 
US001,PR429,SSE02 
US001,JJ627,SSE02 
US001,KZ425,SSE02 
US001,AQ769,SOY02 
US001,VO747,SKG02 
US001,ZV844,SSE02 
US001,WJ557,SSE02 
US001,QF059,SSE02 
US001,KW393,SOY02 
US001,KC112,SKG02 
US001,LP312,SSP02 
US001,PD078,CSE06 
US001,QB797,HKG01 
US001,FC046,SOY02 
US001,WM525,SSP02 
US001,JC053,SSP02 
US001,FU687,SSE02 
US001,JS356,SSE02 
US001,OR126,SOY02 
US001,HU659,SSE02 
US001,WN188,SOY02 
US001,QD302,SSE02 
US001,UY264,SOY02 
US001,ON374,CKG06 
US001,TV090,SSE02 
US001,KR198,SSP02 
US001,JU860,SSP02 
US001,OX511,SSP05 
US001,UM899,SSE02 
US001,MD547,SSP02 
US001,OT246,SSE05 
US001,EP081,SKG02 
US001,ZT535,SSE02 
US001,UU193,POY04 
US001,JF602,SSE02 
US001,MY068,SSE02 
US001,EP910,SSE05 
US001,GB927,SSE02 
US001,ZE154,SSP02 
US001,QL512,HSE01 
US001,PI565,SOY02 
US001,ZF167,SOY02 
US001,TM856,SOY02 
US001,WZ358,SSP02 
US001,XU854,SSE02 
US001,DH884,CKG06 
US001,AH575,SSE02 
US001,NW561,POY03 
US001,LQ840,SSP02 
US001,AI624,SSE02 
US001,EM055,SKG02 
US001,RD787,SSP02 
US001,IR095,SKG02 
US001,AL042,SSE02 
US001,ZT979,SOY02 
US001,MY543,HOY01 
US001,YN863,SOY02 
US001,NB479,SSE02 
US001,RP532,SSE02 
US001,PY727,SOY02 
US001,TM691,SSE02 
US001,GD711,HSE01 
US001,KS532,SSE02 
US001,OW010,SKG05 
US001,JH038,SOY02 
US001,PA438,SOY02 
US001,RC684,SSE05 
US001,TG062,PSE04 
US001,IF659,SSE02 
US001,OF458,SSE02 
US001,SE301,SSE02 
US001,LG222,SOY05 
US001,LN498,PSE03 
US001,ET115,SKG02 
US001,XK655,SSE02 
US001,VR445,SOY02 
US001,HX939,SSE02 
US001,DA337,SSE02 
US001,HX879,SSE02 
US001,ME451,SOY02 
US001,AX481,SSE02 
US001,IY548,SOY02 
US001,NE277,SOY05 
US001,BM166,SSE02 
US001,SK997,SSE02 
US001,PL946,SOY05 
US001,EN233,SSE02 
US001,RN466,CSE06 
US001,DU478,SSP02 
US001,VU066,SSP02 
US001,QI696,SOY02 
US001,WM199,SOY02 
US001,ZT783,SOY02 
US001,MJ215,SSE02 
US001,PJ793,HSP01 
US001,BO735,SOY02 
US001,FR974,SOY02 
US001,YY914,CSP06 
US001,SA679,SKG02 
US001,PY297,SKG02 
US001,AQ847,SSP02 
US001,AS254,SSE02 
US001,MM938,SSE02 
US001,HN132,SKG02 
US001,BH265,SKG02 
US001,IW558,SOY02 
US001,JG524,SSE02 
US001,PY899,SOY02 
US001,YF382,SKG02 
US001,KZ111,SSE02 
US001,KX432,SOY02 
US001,ZE042,SSE02 
US001,RS315,SSE02 
US001,KI324,SSE02 
US001,NN731,SSE02 
US001,TR810,SOY02 
US001,EN084,SKG02 
US001,HM972,SOY02 
US001,CQ830,SSE02 
US001,QG837,SSP02 
US001,RD184,SKG02 
US001,DX209,HSP01 
US001,JR157,SSE02 
US001,EF447,HOY01 
US001,CS475,SKG02 
US001,GW695,SKG02 
US001,ZR955,SSE02 
US001,TB742,SKG02 
US001,ZK675,SSP02 
US001,TA747,SKG02 
US001,ST604,SOY02 
US001,WZ589,HSE01 
US001,XV060,CSP06 
US001,GJ996,SSE05 
US001,UI444,SSE02 
US001,ZN414,SKG02 
US001,VA640,POY03 
US001,HB698,SOY02 
US001,PI748,SSP02 
US001,NF858,SSE02 
US001,CL635,SSE02 
US001,EG427,HSE01 
US001,YH033,SSE02 
US001,HA931,SSE02 
US001,XB099,SSE02 
US001,YE752,SSE02 
US001,FZ915,SSE02 
US001,TJ044,HSE01 
US001,OI018,SSE02 
US001,IK688,SSP02 
US001,MJ759,SKG02 
US001,RQ471,SSE02 
US001,BY762,SSE02 
US001,RC549,SSP02 
US001,PY432,SSE02 
US001,TF838,SSE02 
US001,AL380,SSE02 
US001,PP606,SOY02 
US001,GR827,CSE06 
US001,OI380,SSP02 
US001,VR096,SSE02 
US001,TR825,SKG02 
US001,BG203,SSE02 
US001,CV411,SSE02 
US001,VA478,SSE02 
US001,AA374,PSE03 
US001,DA951,SSE02 
US001,FC238,SSE02 
US001,BP977,SSE02 
US001,WW498,PSE03 
US001,UI978,SSE02 
US001,JN285,SSE02 
US001,RZ319,SSE02 
US001,NO374,HOY01 
US001,AL276,SSE05 
US001,BM679,SKG02 
US001,MI203,SKG02 
US001,LA095,SOY02 
US001,HD144,SSE02 
US001,UK521,SSE02 
US001,QE528,SKG02 
US001,BC089,SSE02 
US001,TY581,SSE02 
US001,EV037,SSE02 
US001,IC815,SOY02 
US001,JI150,SSE02 
US001,ZR591,SSE02 
US001,BJ186,SSE02 
US001,BL635,SKG02 
US001,DG635,SSE02 
US001,XE619,SSE02 
US001,HC796,SSE02 
US001,YG394,SSE02 
US001,UU233,SOY02 
US001,WN234,SOY02 
US001,CB858,SKG02 
US001,UU347,SSE02 
US001,GR072,SSP02 
US001,EQ853,SSE02 
US001,NC077,SSE02 
US001,XR042,SOY02 
US001,TO477,SKG02 
US001,LU094,SSP02 
US001,MT752,SOY02 
US001,IT527,SOY02 
US001,IK837,SSP02 
US001,VY622,SOY02 
US001,LX360,SOY02 
US001,TC895,SOY02 
US001,VM566,SKG02 
US001,FB053,HSE01 
US001,RP673,SSE02 
US001,RC965,SSE02 
US001,TC021,SSP02 
US001,GY297,SSE02 
US001,ZR876,CKG06 
US001,EI931,SKG02 
US001,LP599,SSP02 
US001,OY777,SKG02 
US001,ZP778,SOY02 
US001,QR128,SSE02 
US001,YN630,HSE01 
US001,RU095,SOY02 
US001,NE653,SSE02 
US001,EH617,SOY02 
US001,QT273,CSE06 
US001,UA468,SOY05 
US001,ZK981,SSE02 
US001,GQ310,SSE05 
US001,MG853,SSE02 
US001,WX509,SKG02 
US001,IS207,SSE02 
US001,DC617,SSE02 
US001,DT357,HSE01 
US001,NT197,SOY02 
US001,SB578,SSE02 
US001,TO556,CSE06 
US001,BR236,SSE05 
US001,UC814,HOY01 
US001,OM419,SSE02 
US001,UJ223,PSE03 
US001,DS735,SSE02 
US001,KB320,CKG06 
US001,VW382,SOY02 
US001,IY504,CSE06 
US001,VL355,SSE02 
US001,KX333,SOY02 
US001,YG858,SSE02 
US001,IU381,SSE02 
US001,NB463,HSE01 
US001,XG876,SKG02 
US001,QW064,SSP02 
US001,ZZ037,SSP02 
US001,TJ621,HOY01 
US001,HU489,HSE01 
US001,EY475,SSE05 
US001,XW063,SSE02 
US001,CS832,SSE02 
US001,JH142,SSP02 
US001,HN694,SSP05 
US001,DV353,SKG02 
US001,UF779,SKG02 
US001,ZV692,SSP02 
US001,TV050,SSP05 
US001,TS048,SKG02 
US001,PY921,SSP02 
US001,IU671,SKG02 
US001,ZK646,SOY02 
US001,BL818,SSE02 
US001,HH557,SKG02 
US001,VM187,SSP02 
US001,IN922,SSE02 
US001,LQ264,SSE02 
US001,BM955,SOY02 
US001,TC038,SKG02 
US001,LH861,SSP02 
US001,PR441,SSE02 
US001,MS733,SSE02 
US001,YP699,SSP02 
US001,RU301,SSP02 
US001,EW314,SOY02 
US001,XY281,CSP06 
US001,KV892,SSP02 
US001,PS377,SSE02 
US001,HJ741,SKG02 
US001,DC267,SSE02 
US001,WO075,SSE02 
US001,ZQ085,SSE02 
US001,HO889,SOY02 
US001,XA465,SSE02 
US001,VC365,SSP02 
US001,MF172,SKG02 
US001,AQ228,POY03 
US001,IE339,SSP02 
US001,GY652,SKG02 
US001,DZ920,SKG02 
US001,NV791,HSE01 
US001,GX159,SSE02 
US001,TU351,SSE02 
US001,AT950,SOY02 
US001,DE061,SSP02 
US001,QT957,SKG02 
US001,IW329,SSE02 
US001,EO539,SSE02 
US001,IU900,CSE06 
US001,RV329,SOY02 
US001,KT595,SSE02 
US001,GE898,SKG02 
US001,XR734,HKG01 
US001,PY614,SSE02 
US001,LL064,SSE02 
US001,PF527,SKG02 
US001,KJ605,SSE02 
US001,LQ359,COY06 
US001,OU730,COY06 
US001,OG327,SSE02 
US001,FU724,PSE04 
US001,QQ858,SSP02 
US001,WB382,SSE02 
US001,WL573,SOY02 
US001,MJ493,SSE02 
US001,IA977,SSE02 
US001,NT200,SKG02 
US001,KR376,SSP02 
US001,KZ032,SSE02 
US001,UT297,SSE02 
US001,EF050,SOY02 
US001,WI817,SKG02 
US001,NR558,CSE06 
US001,RM359,SKG02 
US001,AB601,SSP02 
US001,XK497,SOY02 
US001,CK618,SSE02 
US001,RQ268,SSE02 
US001,VV782,SOY02 
US001,HP292,SSP02 
US001,TC192,SSE02 
US001,QI179,SSE02 
US001,SJ777,SSE02 
US001,OL949,SOY02 
US001,JG926,SSE02 
US001,TC800,PKG04 
US001,OW238,HSP01 
US001,JP096,SSE02 
US001,CD613,SOY02 
US001,ZH098,SSE02 
US001,SC324,SSP02 
US001,SW551,SSE02 
US001,TA888,SSE02 
US001,EU538,SSE02 
US001,FY603,SOY02 
US001,FC660,SSP02 
US001,FK438,SSE02 
US001,SM491,SOY02 
US001,GI126,SSE02 
US001,BW136,SKG02 
US001,NZ674,SOY02 
US001,KP468,SSE02 
US001,XK832,SOY02 
US001,TG852,SOY02 
US001,RP054,HSE01 
US001,WB877,SOY02 
US001,TB396,SOY02 
US001,JN251,HKG01 
US001,NE690,SSE02 
US001,VT708,SSE02 
US001,PU175,SOY02 
US001,YP377,SKG02 
US001,PH790,SSP02 
US001,MA928,SSE02 
US001,ES868,SKG02 
US001,CO251,SSE02 
US001,UZ141,HSE01 
US001,OX204,SOY02 
US001,KB467,SSE02 
US001,VE430,SOY02 
US001,PU761,SSE02 
US001,DI488,SKG02 
US001,PB685,SSE02 
US001,ZW002,CSE06 
US001,XH374,SSE02 
US001,CZ560,SSP02 
US001,IB743,CSE06 
US001,IQ432,SSP02 
US001,YU957,SSE02 
US001,YJ843,SKG02 
US001,LW044,SOY02 
US001,JC349,SSP02 
US001,SD907,HSE01 
US001,WY288,SSE02 
US001,WV605,SOY02 
US001,WT290,SSE02 
US001,MI588,SSE02 
US001,LE867,SOY02 
US001,PA869,SSE02 
US001,EL104,SOY02 
US001,FK463,SOY02 
US001,AZ075,SSE02 
US001,JN191,SSP02 
US001,VU985,SSE02 
US001,XE676,SKG02 
US001,QR820,SSP02 
US001,UE730,SSE02 
US001,NT898,SOY02 
US001,XL821,SSE02 
US001,OC883,SOY02 
US001,IF552,SOY02 
US001,TH791,SSE02 
US001,IA842,SSE02 
US001,DN604,SSP02 
US001,LZ209,SOY02 
US001,MA617,HOY01 
US001,ME316,SSE02 
US001,RG637,SSE02 
US001,HR965,SOY02 
US001,HV965,SSE02 
US001,HB357,PSE03 
US001,KS359,SSP02 
US001,QB470,POY03 
US001,TT513,SSE02 
US001,NB480,PSE03 
US001,WZ396,COY06 
US001,OF399,SOY02 
US001,XN451,SSE02 
US001,OS854,SSE02 
US001,UL256,SSE02 
US001,AO050,SKG02 
US001,VU789,SSE02 
US001,PJ368,SKG02 
US001,DK717,SSE02 
US001,WS357,HKG01 
US001,KM038,SSE02 
US001,NO648,PSP04 
US001,OB791,SOY02 
US001,GD467,SOY02 
US001,CW588,POY04 
US001,XX559,SOY02 
US001,ES976,SSE02 
US001,JJ287,SKG02 
US001,GR339,SSE02 
US001,NK130,CKG06 
US001,BY683,SKG02 
US001,QP708,SSE02 
US001,RH196,SSE02 
US001,BY696,SKG02 
US001,TM685,SKG02 
US001,AH431,SOY02 
US001,JE338,SOY02 
US001,LG310,SOY02 
US001,OU976,HSE01 
US001,AB490,COY06 
US001,GO893,SSE02 
US001,VK497,SOY02 
US001,BV384,SSP02 
US001,FO599,SSP02 
US001,SK246,SOY02 
US001,GV117,SSP02 
US001,WZ405,SSP02 
US001,ZW244,SKG02 
US001,GO638,SOY02 
US001,KY594,SSE02 
US001,ZA883,HSE01 
US001,AL323,SSE02 
US001,BP423,SSE02 
US001,WJ433,SSE02 
US001,OM988,SKG02 
US001,QL283,SSE02 
US001,XD205,SOY02 
US001,JC594,SSE02 
US001,BO766,SSP02 
US001,HR082,SSE02 
US001,EU814,SSE02 
US001,WM015,SOY02 
US001,DD057,PSE04 
US001,LM911,SOY02 
US001,WQ566,SSP02 
US001,LG082,SOY02 
US001,LI464,SKG02 
US001,TT546,HOY01 
US001,WN042,HSE01 
US001,XN613,SSP02 
US001,FS912,SKG02 
US001,QS021,SSP02 
US001,KY270,SSE02 
US001,MF903,SSE02 
US001,BE750,SOY02 
US001,BL374,SSP02 
US001,XQ651,SSE02 
US001,KH125,SSE02 
US001,QX548,SSE02 
US001,CZ836,SKG02 
US001,FP435,HOY01 
US001,HR079,CKG06 
US001,QM237,SOY02 
US001,PA799,SSE02 
US001,XT040,SKG02 
US001,RE926,SOY02 
US001,LD793,CSE06 
US001,JV376,CSP06 
US001,KC756,SKG02 
US001,HM494,PSE03 
US001,TR196,SOY02 
US001,PU735,SOY02 
US001,KF644,SSE02 
US001,BH765,SKG02 
US001,NN865,SSE02 
US001,KU256,SOY02 
US001,IL307,SSP02 
US001,OL432,SOY02 
US001,OE066,PSP04 
US001,DU157,SOY02 
US001,FY618,SSP02 
US001,SY316,SKG02 
US001,JO056,SSP02 
US001,DT168,SOY02 
US001,JN591,SOY02 
US001,LP190,HOY01 
US001,FK734,SOY02 
US001,SD395,SKG02 
US001,BE269,SKG02 
US001,HQ611,SKG02 
US001,SP105,SOY02 
US001,JG749,SSP02 
US001,IH800,SOY02 
US001,SW308,SKG02 
US001,DO715,SSE02 
US001,UA578,SSE02 
US001,IW753,SSE02 
US001,KW910,SSP02 
US001,XJ421,SOY02 
US001,VI554,SKG02 
US001,QN520,SKG02 
US001,SW898,HKG01 
US001,ZQ936,HSE01 
US001,OH526,SSE02 
US001,FD484,SSE02 
US001,QS973,SSE02 
US001,DO195,SSP02 
US001,MR512,SKG02 
US001,JD043,SSE02 
US001,TO505,SSP02 
US001,MO223,SOY02 
US001,BX529,SSP02 
US001,YN426,SOY02 
US001,IL401,SSE02 
US001,RJ470,SSE02 
US001,KG230,SSP02 
US001,DM734,SOY02 
US001,CF138,SOY02 
US001,XN073,SSP02 
US001,LI348,SOY02 
US001,EX940,SKG02 
US001,UR263,HKG01 
US001,XC131,SSP02 
US001,NC992,SOY02 
US001,HY850,SSE02 
US001,LZ162,SOY02 
US001,GU884,PSE04 
US001,GI522,SSP02 
US001,QC928,HSE01 
US001,TR710,SOY02 
US001,GM336,SKG02 
US001,JQ053,SSP02 
US001,GS620,SSE02 
US001,QO380,CSE06 
US001,UY513,SSE02 
US001,HL713,SSE02 
US001,VW324,SSE02 
US001,AA657,HKG01 
US001,WA580,SKG02 
US001,SR647,SSE02 
US001,QJ685,SSE02 
US001,LP527,SSE02 
US001,BR187,SSE02 
US001,IO715,SSE02 
US001,FI072,SSP02 
US001,GM082,SSE02 
US001,US775,COY06 
US001,PL046,SOY02 
US001,ZR818,SOY02 
US001,MS879,SOY02 
US001,SI096,SSP02 
US001,SK487,SSE02 
US001,RZ275,SSP02 
US001,XC702,SOY02 
US001,VG656,SSE02 
US001,VL341,CSE06 
US001,SM478,SOY02 
US001,RJ276,SOY02 
US001,SZ914,SOY02 
US001,KF897,PSP03 
US001,GW346,SSE02 
US001,JU212,SSE02 
US001,QG513,SSE02 
US001,VD817,SSP02 
US001,YE899,SKG02 
US001,VZ070,HSE01 
US001,QS546,SSP02 
US001,TT640,SOY02 
US001,GB586,SSE02 
US001,LR265,SSE02 
US001,JM620,SSE02 
US001,YE769,SOY02 
US001,ZR087,SKG02 
US001,YJ130,SOY02 
US001,KT234,SSE02 
US001,HC768,SKG02 
US001,TX116,SSE02 
US001,YF681,SSE02 
US001,ZX371,SOY02 
US001,NX596,SSP02 
US001,EO197,SSE02 
US001,BJ242,SKG02 
US001,AV720,SKG02 
US001,MI032,SKG02 
US001,XG317,SSE02 
US001,NW705,SSE02 
US001,DR082,SKG02 
US001,ER777,HOY01 
US001,UU975,SSE02 
US001,VZ985,SOY02 
US001,ZH093,SSE02 
US001,GV675,SKG02 
US001,ZF671,SOY02 
US001,OY622,HOY01 
US001,CC426,SOY02 
US001,ZR538,HKG01 
US001,UM085,SKG02 
US001,XR739,SSE02 
US001,AS655,COY06 
US001,TW018,SSP02 
US001,DY007,SSP02 
US001,UI419,PSE04 
US001,PH922,CSE06 
US001,TE075,PSP03 
US001,QX055,SSE02 
US001,LP178,SSP02 
US001,ZO482,PSE03 
US001,VH072,SSP02 
US001,SQ212,SSP05 
US001,VA923,SSE02 
US001,PQ760,SSE02 
US001,NO154,SSE02 
US001,RW118,SKG02 
US001,KZ321,SOY02 
US001,TE747,SSE02 
US001,RQ022,SKG02 
US001,TD980,SOY02 
US001,GA501,SOY02 
US001,EY477,SOY02 
US001,AR570,SSE02 
US001,ZW761,SSE02 
US001,KF896,PSE04 
US001,CO124,SSE02 
US001,VH445,SSP02 
US001,OC950,SSE02 
US001,KN401,SSE02 
US001,OC599,SSE02 
US001,CU595,SSE02 
US001,IH904,HSE01 
US001,VS308,SOY02 
US001,MV753,SKG02 
US001,TY430,SSE02 
US001,JC475,SOY02 
US001,MV297,COY06 
US001,AG750,SSP02 
US001,LV074,SOY02 
US001,ZG899,SSP02 
US001,BW586,COY06 
US001,YP183,SKG02 
US001,WK095,SSE02 
US001,QC844,PKG03 
US001,NL780,SSP05 
US001,QY846,SSE02 
US001,RX742,SSE02 
US001,XK274,SSE02 
US001,AM277,SSE02 
US001,II388,SKG02 
US001,JT133,SSE02 
US001,ON938,HSE01 
US001,NJ444,SSE02 
US001,VB847,SSE02 
US001,CP452,SKG02 
US001,ON287,SSP02 
US001,LZ700,SOY02 
US001,QO038,SOY02 
US001,FX797,PSE03 
US001,DW452,SSE02 
US001,LC723,SSE02 
US001,WT589,SSE02 
US001,IE220,SSP02 
US001,KO813,SSE02 
US001,NC813,SSP02 
US001,JP534,SSE02 
US001,FW017,SOY02 
US001,CA342,SSE02 
US001,BK459,SSE02 
US001,CI510,SSE05 
US001,LS112,SSE02 
US001,MQ197,SSE02 
US001,TL782,SSE02 
US001,UN216,SSE02 
US001,KW520,SSE02 
US001,ZY259,SSP02 
US001,DA754,SKG02 
US001,TJ364,SSE02 
US001,CP881,SSP02 
US001,GG426,HOY01 
US001,MS935,CSE06 
US001,VM683,COY06 
US001,NG508,CKG06 
US001,ZA823,COY06 
US001,CR635,SOY02 
US001,KG441,SSE02 
US001,CN136,SSE02 
US001,YJ029,SSE02 
US001,TP161,SSE02 
US001,BH286,COY06 
US001,XS717,SOY02 
US001,TA677,SSE02 
US001,MI506,CSE06 
US001,EB061,SSE02 
US001,DN296,HSE01 
US001,IF810,SSE02 
US001,HK251,SSP02 
US001,AC617,SSP02 
US001,SX315,SSP02 
US001,FX507,SSE02 
US001,KU160,SSE02 
US001,OC182,SOY02 
US001,CO733,SSE02 
US001,FG890,SSE02 
US001,QJ027,SSP02 
US001,PA596,SOY02 
US001,XO811,CSE06 
US001,CO439,SSE02 
US001,RA949,SSE02 
US001,DR695,SSE02 
US001,FF949,SKG02 
US001,GH225,SKG02 
US001,RK226,SKG02 
US001,BY214,SSE02 
US001,PT594,SSP02 
US001,JP493,SSP02 
US001,QW394,SSE02 
US001,MH438,SSE05 
US001,RH976,SOY02 
US001,UB796,SOY02 
US001,BZ618,SOY02 
US001,QU217,CSE06 
US001,GK015,SSE02 
US001,EZ247,SOY02 
US001,QI338,SOY02 
US001,XH902,SSE02 
US001,QF392,SSE02 
US001,PZ161,SSE02 
US001,CZ015,SSE02 
US001,DT242,SOY02 
US001,LN569,SKG02 
US001,TI412,SSE02 
US001,FI740,SSE05 
US001,BU962,SSP02 
US001,HH125,SSE02 
US001,PD951,SSE02 
US001,WA236,SSE02 
US001,VL287,SSP02 
US001,QA548,SSE02 
US001,CE973,SSE02 
US001,RQ602,SKG02 
US001,RQ264,SOY02 
US001,CX040,SOY02 
US001,OT432,SOY02 
US001,YO084,SOY02 
US001,IZ189,SOY02 
US001,AF203,SSE02 
US001,VR722,SOY02 
US001,QE838,SSE02 
US001,JQ006,SSE02 
US001,RC566,SSE02 
US001,AE556,SSE02 
US001,XT841,SSE02 
US001,LS476,SSE02 
US001,RA924,SSE05 
US001,KQ210,SSE02 
US001,SH062,SSE05 
US001,DH373,SOY02 
US001,DI096,SOY02 
US001,KG115,SOY02 
US001,AQ637,SSP02 
US001,ZU609,HSE01 
US001,XE747,SKG02 
US001,ST922,SSE02 
US001,WE331,SSE02 
US001,IA827,SOY02 
US001,GF574,SKG02 
US001,NL209,CSE06 
US001,JW114,HSE01 
US001,XQ372,SOY02 
US001,NQ511,SSE02 
US001,BV665,HSE01 
US001,KZ757,SSE02 
US001,SJ345,SKG02 
US001,ZO983,SSE05 
US001,JB490,SSE02 
US001,NW659,SOY02 
US001,IX602,SSE02 
US001,WV558,SSE02 
US001,DD290,SSP02 
US001,AQ396,SOY02 
US001,OG789,SKG02 
US001,LC650,PSE03 
US001,JK161,SSE02 
US001,YM360,SSE02 
US001,RC826,COY06 
US001,GQ428,SSP02 
US001,MF901,SKG02 
US001,KE559,SSE02 
US001,OQ177,SSE02 
US001,IJ851,HKG01 
US001,OU839,SSP02 
US001,PY031,POY03 
US001,AD218,SSE02 
US001,FQ150,SKG02 
US001,FB950,SOY02 
US001,SM359,SKG02 
US001,XU423,SSP02 
US001,BB320,SSE02 
US001,VC938,SOY02 
US001,FU798,SSP02 
US001,KY432,SOY02 
US001,VH705,SKG02 
US001,VE830,CSP06 
US001,BU084,SKG02 
US001,QV940,COY06 
US001,QJ071,SSE02 
US001,UA107,SOY02 
US001,FT573,PSE03 
US001,EE012,SSE02 
US001,OR227,CKG06 
US001,HL712,SSE02 
US001,SV769,HSE01 
US001,ML034,SOY02 
US001,ZF060,SSP02 
US001,YK031,SKG02 
US001,RN178,COY06 
US001,OS721,SKG02 
US001,OU527,SOY02 
US001,GG568,SSP02 
US001,MH101,HOY01 
US001,GM770,SKG02 
US001,SX183,SKG02 
US001,SP287,SOY02 
US001,RW505,SSP02 
US001,OX860,SSE02 
US001,FO481,SSE02 
US001,TP104,SKG02 
US001,TE554,SOY02 
US001,LV991,COY06 
US001,ZI886,SSE02 
US001,AF000,SKG02 
US001,UU871,SSE02 
US001,SJ106,SSE02 
US001,HO873,SSE02 
US001,YF219,SSE02 
US001,LM527,SOY02 
US001,AJ291,SOY02 
US001,QA132,SSE02 
US001,SF458,SKG02 
US001,NV642,SSE02 
US001,JL376,SSE02 
US001,BI507,SSE02 
US001,MM960,HSE01 
US001,VJ170,HSP01 
US001,DL940,SSE02 
US001,UA045,SSE02 
US001,OM886,SOY02 
US001,MO776,SSE02 
US001,VS235,SKG02 
US001,DP823,HOY01 
US001,LS259,HSP01 
US001,RD221,SSP02 
US001,YP977,SKG02 
US001,XB434,SSP02 
US001,QA166,SKG02 
US001,YY735,SSP02 
US001,ZK388,SSE02 
US001,ZF084,SOY02 
US001,UC292,SOY02 
US001,YN963,SKG02 
US001,MX823,SOY02 
US001,ZD684,COY06 
US001,VG563,SSE02 
US001,BC721,SSE02 
US001,BJ843,PSE04 
US001,VS507,SOY02 
US001,MK598,SSE02 
US001,HC943,SSE05 
US001,XY965,SSE02 
US001,YE555,SOY02 
US001,VJ577,SSP02 
US001,YS964,SSE02 
US001,NL931,SSE02 
US001,VB000,SOY02 
US001,FU431,SOY02 
US001,AN934,SKG02 
US001,MV091,SSP02 
US001,ZK713,SSE02 
US001,TY675,HSE01 
US001,CX595,SSE02 
US001,VK840,SOY02 
US001,XZ816,SKG02 
US001,HL059,HOY01 
US001,GC120,SSE02 
US001,WS690,SOY02 
US001,YP128,SOY02 
US001,AQ970,SSE02 
US001,YE085,HSE01 
US001,KQ246,HSE01 
US001,WC087,SKG02 
US001,WB659,SSE02 
US001,NL175,SSE05 
US001,SS727,SSP02 
US001,GI770,CSE06 
US001,RZ341,SSP02 
US001,LF488,CSE06 
US001,MF001,SSE02 
US001,CP925,SOY02 
US001,VL017,SKG02 
US001,HS497,SSE02 
US001,QI747,SKG05 
US001,KT955,SSE02 
US001,XM238,SKG02 
US001,RN245,SKG02 
US001,QY948,SSE02 
US001,KD788,SSE02 
US001,DM949,SOY02 
US001,AE724,SKG02 
US001,WE866,SOY02 
US001,PF460,COY06 
US001,TK052,SOY05 
US001,IG523,SOY02 
US001,EJ374,SSP02 
US001,UE543,SKG02 
US001,LS228,SSE02 
US001,PP337,SSE02 
US001,HY626,HSE01 
US001,AD129,SKG02 
US001,XJ642,SSE02 
US001,AU071,SSE02 
US001,OH652,SSE02 
US001,JG612,CSP06 
US001,ZV333,SSP02 
US001,YQ704,SOY02 
US001,YP244,SSE02 
US001,BU441,SOY02 
US001,IB659,SKG02 
US001,UB723,SSE02 
US001,MO081,SKG02 
US001,WO469,COY06 
US001,GS064,SSE02 
US001,GF336,SSP02 
US001,OS318,CSE06 
US001,QI821,SSE02 
US001,XG417,SOY02 
US001,YB813,PSE03 
US001,VX173,SKG02 
US001,OU431,CSE06 
US001,QG497,SSP02 
US001,OI917,SKG02 
US001,CO860,SOY02 
US001,ZP288,SOY02 
US001,YC412,SOY05 
US001,OW296,SOY02 
US001,SU930,HOY01 
US001,WT012,SSP02 
US001,RO992,SSP02 
US001,MZ834,SSE02 
US001,JZ883,SSE02 
US001,TO885,SSP02 
US001,AO508,SSE02 
US001,ST143,SSE02 
US001,FR749,COY06 
US001,XN536,SSE02 
US001,FP356,SSP02 
US001,BK040,SSP02 
US001,CM177,SSE02 
US001,GO553,SKG02 
US001,EM366,SSE02 
US001,QH205,SOY02 
US001,EQ826,SOY02 
US001,UK726,SOY02 
US001,RV101,SSE02 
US001,NA733,CSE06 
US001,NJ241,SKG05 
US001,PF352,SOY02 
US001,JR470,SSE02 
US001,BU043,SKG02 
US001,RQ553,SSE02 
US001,RK391,SOY02 
US001,UA559,SSE02 
US001,VW433,SOY02 
US001,PX009,SSE02 
US001,IA055,SSE02 
US001,QO312,SSE02 
US001,NN700,SSP02 
US001,WU013,SSE02 
US001,AS493,SOY02 
US001,PR527,SOY02 
US001,VX906,SSE02 
US001,AF436,SOY02 
US001,OE951,SOY02 
US001,PH171,SKG02 
US001,TF343,SSE02 
US001,LM569,SSE02 
US001,BT367,SSE02 
US001,KL807,SOY02 
US001,MK649,SSE02 
US001,RT671,SSE02 
US001,AC261,SOY02 
US001,CA773,SSE02 
US001,LJ526,SSP02 
US001,PA205,SSP02 
US001,RB323,CKG06 
US001,IH656,SSE02 
US001,VW097,SKG02 
US001,NU629,SSE02 
US001,NI183,SKG02 
US001,QZ340,SOY02 
US001,EZ634,SSP02 
US001,PX399,SSP02 
US001,CU983,SSE02 
US001,AV312,POY04 
US001,RB596,SOY02 
US001,GK322,PSE03 
US001,QY994,SOY02 
US001,UU245,SKG02 
US001,SE771,SSE02 
US001,IZ942,SSE02 
US001,SK615,SOY02 
US001,QZ930,SOY02 
US001,FR225,SKG02 
US001,OW225,SSE02 
US001,CG896,SKG02 
US001,LC178,HKG01 
US001,RJ605,SSE02 
US001,BU756,SOY02 
US001,PC332,SSP02 
US001,CW088,SKG02 
US001,JO092,SKG02 
US001,IH606,SSE02 
US001,LH729,CSE06 
US001,FC806,SSE02 
US001,MJ237,SKG02 
US001,KE280,SSE02 
US001,JC344,SSE02 
US001,HE538,SSP02 
US001,SA070,SOY02 
US001,LV369,SSP02 
US001,UB445,PSP03 
US001,BU546,SSE02 
US001,TA399,SSP02 
US001,LL672,SSE02 
US001,NK380,SSE02 
US001,UR924,SSE05 
US001,IU915,SOY02 
US001,XN340,SSE02 
US001,TH524,POY03 
US001,HC023,SOY02 
US001,KG357,SSE02 
US001,FT039,SSE02 
US001,WI575,SSE02 
US001,EO844,SOY02 
US001,HB553,HOY01 
US001,UM007,COY06 
US001,VN376,SSE02 
US001,XE433,SSE02 
US001,LT355,SSP02 
US001,WX311,SKG02 
US001,KF467,SSP02 
US001,LG730,SOY02 
US001,XF020,SOY02 
US001,NH115,SSE02 
US001,VO588,SKG02 
US001,AR472,SSE02 
US001,FT004,SOY02 
US001,WP738,SSP02 
US001,OE590,SOY02 
US001,RK445,SSE02 
US001,LU730,SSE02 
US001,LE075,SSE02 
US001,VB750,SKG02 
US001,VO849,SOY02 
US001,TY455,SKG02 
US001,SI709,SSP02 
US001,YU205,SOY02 
US001,RO634,CSE06 
US001,QX298,SSP02 
US001,IU180,SOY02 
US001,CU158,SKG02 
US001,GI361,SSE02 
US001,HI163,SSE02 
US001,AW477,SKG02 
US001,YA599,SOY02 
US001,RT494,SSE02 
US001,CM426,SOY02 
US001,LJ261,SKG02 
US001,OW113,SOY02 
US001,RE708,CSP06 
US001,CY476,CSE06 
US001,CE759,SKG02 
US001,WU685,SSP02 
US001,RV833,CSE06 
US001,MT794,HOY01 
US001,MU882,SKG02 
US001,RV667,SSP02 
US001,FQ983,SKG02 
US001,DH449,SSE02 
US001,IF093,COY06 
US001,NB372,SSE02 
US001,DZ632,SSE02 
US001,OL604,SSP02 
US001,NZ147,SSE02 
US001,IQ951,SKG02 
US001,SL931,SOY02 
US001,IT039,SOY02 
US001,GZ984,SSE02 
US001,ZD095,SKG02 
US001,UV089,SKG02 
US001,HG470,SSE02 
US001,AD367,HKG01 
US001,DH901,SKG02 
US001,WU444,SSP02 
US001,CZ600,SSE02 
US001,YY189,SSP02 
US001,QE477,SKG02 
US001,GU346,SSE02 
US001,LU232,SSE02 
US001,KE407,SOY02 
US001,VN505,POY04 
US001,DD362,SSE02 
US001,HA227,SSE02 
US001,JA942,SOY02 
US001,DP897,HSP01 
US001,XG551,SOY02 
US001,AH509,SOY02 
US001,YH413,SOY02 
US001,DI085,SKG02 
US001,MI774,SSE02 
US001,QA187,SSE02 
US001,LH301,SOY02 
US001,MK109,SSE02 
US001,HB117,SOY02 
US001,NB589,SSE02 
US001,RG531,SSP02 
US001,PK890,PSE03 
US001,SL260,SOY02 
US001,BK802,SSE02 
US001,QX930,SOY02 
US001,KF975,SSE02 
US001,MX847,POY03 
US001,DW027,SSE02 
US001,HE245,SSE02 
US001,OO978,SKG02 
US001,MH342,SSE02 
US001,AI970,SSE02 
US001,QP881,SSP02 
US001,OH580,POY03 
US001,RE614,SSE02 
US001,JY501,SOY02 
US001,OO518,SKG02 
US001,MP395,SKG02 
US001,GP237,HOY01 
US001,WH723,SOY02 
US001,ZB450,SSE02 
US001,YE024,SSE02 
US001,MP784,SSE02 
US001,QY731,CKG06 
US001,GX614,SSE02 
US001,YU140,SSP02 
US001,VP637,SSE02 
US001,XS661,SSE02 
US001,KQ377,SKG02 
US001,XL456,SSE02 
US001,ZZ676,SSE02 
US001,OW807,SOY05 
US001,JN541,SSE02 
US001,QN551,SKG02 
US001,OS354,SSE02 
US001,HU435,SSE02 
US001,QC179,SSE02 
US001,BF304,SOY02 
US001,CW033,SKG02 
US001,NY931,CKG06 
US001,MY460,SSE02 
US001,OT330,SSE02 
US001,KF821,SSE02 
US001,HU423,SOY02 
US001,NB786,SKG02 
US001,WC489,SKG02 
US001,QA968,SOY02 
US001,MP653,POY04 
US001,XY234,HOY01 
US001,VL617,SSE02 
US001,JI350,SSP02 
US001,WB774,SSE02 
US001,JA880,SSE02 
US001,SI264,COY06 
US001,CC555,SSE02 
US001,XE643,SSP02 
US001,ML567,SSP02 
US001,SP150,SOY02 
US001,KW863,SSE02 
US001,ST051,SSE02 
US001,TL434,SSE02 
US001,FQ778,SKG02 
US001,RY487,SKG02 
US001,NA650,SSP02 
US001,OK793,SSE02 
US001,DI678,HSE01 
US001,CZ861,SSE02 
US001,FY796,SSE02 
US001,HU463,SKG02 
US001,PX114,SSE02 
US001,NB537,SOY02 
US001,PQ475,SSP02 
US001,OR691,SSE02 
US001,OW919,SOY02 
US001,MZ345,SOY02 
US001,SO573,SOY02 
US001,MX620,SSE02 
US001,HW698,SOY02 
US001,GZ799,SKG02 
US001,VW561,SKG02 
US001,HQ442,SSE02 
US001,IK910,SKG02 
US001,AS705,SKG02 
US001,OJ299,SOY02 
US001,CG778,SSE02 
US001,WK707,SSE02 
US001,JR027,SSE02 
US001,XK039,SSE02 
US001,TG207,SSE02 
US001,LC198,SSE02 
US001,KF905,SSE02 
US001,KM702,SSE02 
US001,AB537,SOY02 
US001,FH021,SSE02 
US001,ZA228,CSP06 
US001,YD889,PSE04 
US001,BJ966,SOY02 
US001,JM024,SOY05 
US001,AI014,SOY02 
US001,II806,HSE01 
US001,SD775,SOY02 
US001,QX172,SSP02 
US001,SR848,CKG06 
US001,RG291,SKG02 
US001,DM254,SSP02 
US001,PG889,SSE02 
US001,CC346,COY06 
US001,EK216,SOY02 
US001,CM203,SSE02 
US001,SK637,SSE02 
US001,IR411,SSE02 
US001,KJ259,SSP02 
US001,JG709,SKG02 
US001,RV226,SKG02 
US001,ZE638,SKG02 
US001,CE145,SOY02 
US001,HJ427,SKG02 
US001,LA600,SSE02 
US001,ZV107,SSE02 
US001,HI988,SSE02 
US001,EP810,SSE02 
US001,WN433,SSE02 
US001,TP804,SSE02 
US001,YK855,SSE02 
US001,QH614,SSE02 
US001,DL600,SKG02 
US001,FO758,SSE02 
US001,UI678,SSE02 
US001,SC414,SSE02 
US001,XA591,SSE02 
US001,QV714,SKG02 
US001,XT407,SOY02 
US001,ZN624,SSP02 
US001,PK985,SSP02 
US001,PD316,SSE02 
US001,OX648,SSE02 
US001,NX649,SOY02 
US001,IH836,SKG02 
US001,TS906,SSE02 
US001,BA083,HSE01 
US001,UO843,SOY02 
US001,JZ259,SSE02 
US001,DS386,HSE01 
US001,IU617,SOY02 
US001,YI166,SSP02 
US001,KZ779,SKG05 
US001,CF654,SOY02 
US001,QA337,SKG02 
US001,JG972,SOY02 
US001,FN507,CKG06 
US001,QC568,CSE06 
US001,PN604,SSE05 
US001,XD281,SSE02 
US001,YN793,SSP02 
US001,FJ486,SSE02 
US001,PU758,SOY02 
US001,KN784,SOY02 
US001,CQ692,SKG05 
US001,KB335,SOY02 
US001,MH494,SSE02 
US001,HY538,SSE02 
US001,LO002,SKG02 
US001,AC832,SSE02 
US001,PF612,SKG02 
US001,DP740,SSE02 
US001,SI076,SSE02 
US001,XI509,SKG02 
US001,BF717,SOY02 
US001,MZ992,SKG02 
US001,GL636,SKG02 
US001,ZP604,SSE02 
US001,GF090,SSP02 
US001,VT214,SSP02 
US001,SH336,SSE02 
US001,UN388,SOY02 
US001,VV766,SKG02 
US001,NK912,SSP02 
US001,VA310,SSE02 
US001,YR852,SSE02 
US001,XP140,SOY02 
US001,JX853,SSE02 
US001,HS326,SKG02 
US001,OJ734,SSP02 
US001,CE493,SSE02 
US001,KD621,SSE02 
US001,BG117,SSP02 
US001,QS794,SSE02 
US001,JF185,SOY02 
US001,YH545,SKG02 
US001,CB457,SOY02 
US001,XV602,SSE02 
US001,ZN644,SSE02 
US001,KE579,SSE02 
US001,JF518,SOY02 
US001,WH152,SKG02 
US001,KQ407,SKG02 
US001,FU313,SKG02 
US001,IX598,SOY02 
US001,VU768,SSP02 
US001,KS802,SKG02 
US001,TD919,SOY02 
US001,CJ820,SSE02 
US001,GS563,SSP02 
US001,QQ316,SSP02 
US001,ZY626,SOY02 
US001,BF549,SSP02 
US001,II561,SSE02 
US001,JM560,SSP02 
US001,LV972,SOY02 
US001,KS660,SOY05 
US001,MS857,SSE02 
US001,TH612,SOY02 
US001,QX160,SOY05 
US001,TQ353,SSP02 
US001,IJ711,SSE02 
US001,DW085,SKG02 
US001,LG524,SOY02 
US001,DR742,SSE02 
US001,DT265,SSP02 
US001,JN041,SSE02 
US001,BN546,SKG02 
US001,XV411,SSE02 
US001,JZ346,SOY02 
US001,AZ269,SSP02 
US001,UO593,SSP02 
US001,VS671,SSP02 
US001,HP182,SSE02 
US001,GZ120,SKG02 
US001,GL718,PSE03 
US001,GB520,SKG02 
US001,HZ816,SSE02 
US001,KG083,HKG01 
US001,VD570,SKG02 
US001,VE054,SSE02 
US001,OB662,SSE02 
US001,AL128,SKG02 
US001,XZ301,SKG02 
US001,SE009,SOY02 
US001,TG221,SKG02 
US001,MP437,SSE02 
US001,LB661,SSP02 
US001,KX376,HSE01 
US001,HM050,SSE02 
US001,DA296,SSE02 
US001,FD594,SOY02 
US001,NC410,SKG02 
US001,KZ848,SSE02 
US001,BY319,SOY02 
US001,NG257,SOY02 
US001,YO353,SSE02 
US001,GN908,SSE02 
US001,CF094,SOY02 
US001,OQ367,SOY02 
US001,LX657,SSE02 
US001,KI254,SSP02 
US001,PT801,SSE02 
US001,UJ157,SOY02 
US001,FZ112,SKG02 
US001,YJ150,SOY02 
US001,NQ444,POY03 
US001,ZW590,SSE02 
US001,TB091,SKG02 
US001,NZ605,SSE02 
US001,GN426,SSE02 
US001,ME115,SSE02 
US001,ZQ139,SSE02 
US001,TJ312,SOY02 
US001,MW527,SKG02 
US001,JB688,SSP02 
US001,ZH423,SSE02 
US001,HU291,SOY02 
US001,NX681,SSE02 
US001,CS637,HSE01 
US001,RM511,SSE02 
US001,ZH413,SSE02 
US001,QT115,SSE02 
US001,ON450,COY06 
US001,HC320,SSE02 
US001,LX220,HSP01 
US001,PM431,SOY02 
US001,SF728,SSE02 
US001,VE031,SSE02 
US001,LT316,SKG02 
US001,OP213,SSP02 
US001,PQ794,SOY02 
US001,HE147,SKG02 
US001,AQ054,SSE02 
US001,MF873,SKG02 
US001,OO985,SSP02 
US001,NV705,SSE02 
US001,BC814,SKG02 
US001,EC286,SSE02 
US001,VO207,SKG02 
US001,AK420,SSP02 
US001,JB321,SOY02 
US001,PH566,SSE02 
US001,MG466,SSE02 
US001,UC956,SSP02 
US001,EX395,SKG02 
US001,DH364,SSE02 
US001,WT634,SKG02 
US001,MR965,SSE02 
US001,ZR528,SSE02 
US001,CT237,SSP02 
US001,OK871,SOY05 
US001,ZM352,SSE02 
US001,VM691,SOY02 
US001,JL770,SSE02 
US001,AM117,SOY02 
US001,EN033,SKG02 
US001,IP398,SSP02 
US001,PH761,SKG02 
US001,IJ402,SOY02 
US001,OH690,SSP02 
US001,SJ125,CSP06 
US001,RF658,SSE02 
US001,SU118,SSP02 
US001,IJ006,SKG02 
US001,WY470,SOY02 
US001,QG225,SOY02 
US001,JI136,SOY02 
US001,OW846,SSP05 
US001,LI470,SSP02 
US001,ZF808,SSP02 
US001,CO320,SOY02 
US001,WX952,SOY02 
US001,JN963,HSP01 
US001,IY437,SSE02 
US001,YG662,SSE02 
US001,IK364,SSE02 
US001,OI585,SSE02 
US001,EA421,SSP02 
US001,WS202,SOY02 
US001,SX542,SSP02 
US001,CJ500,SOY02 
US001,IB428,SOY02 
US001,YP468,SSE02 
US001,VR093,SKG02 
US001,MM675,SOY02 
US001,YL075,SSP02 
US001,BG018,SSE02 
US001,OR492,SSE02 
US001,GU093,SSE02 
US001,CV101,SSE02 
US001,GV244,SSE02 
US001,BQ082,CSE06 
US001,NK600,COY06 
US001,YJ347,HKG01 
US001,HJ127,SSP02 
US001,QR061,SOY02 
US001,PV094,SSP02 
US001,ZL270,SKG02 
US001,EP459,SOY02 
US001,MZ541,SOY02 
US001,KQ508,SSP02 
US001,MM040,HSE01 
US001,NN110,SSE05 
US001,WL665,SKG02 
US001,IV106,SSE02 
US001,UE186,SSE02 
US001,FH761,SSE02 
US001,WN386,SSP02 
US001,UX281,COY06 
US001,UI789,SSP02 
US001,SZ669,SSE02 
US001,SN491,SSE02 
US001,TM053,SSE02 
US001,MM543,SSP02 
US001,NE217,SOY02 
US001,NN093,SKG05 
US001,YE420,SSE02 
US001,LB424,SSP02 
US001,YN469,CKG06 
US001,TX718,SSP02 
US001,QT008,SSP02 
US001,KN348,POY04 
US001,KD268,SSE02 
US001,EW943,SSE02 
US001,ZJ399,SSP02 
US001,RS674,SSE02 
US001,AZ736,SSP02 
US001,GR359,SSE02 
US001,BB587,SOY02 
US001,FO993,SSE02 
US001,RI024,SSE02 
US001,SE619,SSE02 
US001,WT642,SKG02 
US001,FG546,SSE02 
US001,IU498,SSE02 
US001,LU647,SSE02 
US001,VI567,SOY02 
US001,JI205,SOY02 
US001,GB478,SKG02 
US001,PN018,CSE06 
US001,RI558,SOY02 
US001,BF104,SSE02 
US001,QH506,PSE03 
US001,OM454,SKG02 
US001,MY135,SKG02 
US001,VY665,SSE02 
US001,WD179,SSP02 
US001,DW667,CSE06 
US001,ZG821,SSE02 
US001,UO183,SSE02 
US001,GO447,SSP02 
US001,IS222,SSP02 
US001,HW129,SKG02 
US001,EN662,SSE02 
US001,KC784,SSE02 
US001,TW262,SOY02 
US001,UJ191,SKG02 
US001,TI443,CSE06 
US001,EC648,PSE04 
US001,WH145,SOY02 
US001,GG935,SSE02 
US001,RC361,SOY02 
US001,SR461,SKG02 
US001,VS800,SSP02 
US001,DV703,SOY02 
US001,IN708,SSP02 
US001,HZ247,SOY02 
US001,EZ945,SKG02 
US001,VO145,SSE02 
US001,CZ007,SOY02 
US001,AT989,PSE03 
US001,NJ267,SSE02 
US001,FL862,SSE02 
US001,VJ722,SOY02 
US001,OE934,SSP02 
US001,AF467,SSP02 
US001,IZ956,SSE02 
US001,ZE065,SKG02 
US001,AX886,SSP02 
US001,MK532,SKG02 
US001,KC928,SKG02 
US001,PY637,SOY02 
US001,KS618,SSE02 
US001,MA735,SSE02 
US001,WW845,SKG02 
US001,PY611,SKG02 
US001,HY507,SSE02 
US001,ZM967,SSE05 
US001,HF371,SSE02 
US001,AG000,SOY02 
US001,UG706,SKG02 
US001,WK041,SSE02 
US001,EZ050,SSP02 
US001,OJ547,SSE02 
US001,NZ743,HSE01 
US001,VA267,SSE02 
US001,DT292,SSE02 
US001,CT050,SSE02 
US001,QU392,SSE02 
US001,EE467,SSE02 
US001,EG664,SSE02 
US001,PD408,SSE02 
US001,HC194,SSP02 
US001,WL466,SSE02 
US001,ZB322,SSE02 
US001,DQ228,SOY02 
US001,TA985,SSE02 
US001,AL211,SSP02 
US001,DN201,SKG02 
US001,RI238,SKG02 
US001,YR647,SSE02 
US001,MY028,SSE02 
US001,RH877,SKG02 
US001,TX270,SSE02 
US001,PU439,SKG02 
US001,FI303,CSE06 
US001,WO160,CSP06 
US001,OU654,SSP02 
US001,KK374,SSE02 
US001,QA056,SSE05 
US001,BL454,SOY02 
US001,LB968,SSE02 
US001,TB078,SSE02 
US001,SQ008,SKG02 
US001,UH392,SSE02 
US001,JQ189,SSE02 
US001,YV268,SOY02 
US001,KQ735,SKG02 
US001,AW819,SSE02 
US001,XH586,SSE02 
US001,PB298,SSE05 
US001,MZ318,SSE02 
US001,WJ180,SSE02 
US001,LW175,SOY02 
US001,PW192,SKG02 
US001,VE718,SSE02 
US001,JG903,SSE02 
US001,UN211,SSE02 
US001,LU842,POY03 
US001,DM605,SSE02 
US001,VJ585,SKG02 
US001,SN695,SSE02 
US001,LD499,SSE02 
US001,GQ168,SSE02 
US001,ET749,SSE02 
US001,RI950,HOY01 
US001,IS446,SKG02 
US001,DR188,SKG02 
US001,OG493,SSE02 
US001,HX971,CSE06 
US001,UX583,SOY02 
US001,QB278,SSE05 
US001,NN623,SSP02 
US001,RR551,SKG02 
US001,VV733,SOY02 
US001,VX277,SOY02 
US001,WW596,SSE02 
US001,OB608,SSP02 
US001,IT322,SSP02 
US001,MS519,SSE02 
US001,CW070,SSP02 
US001,BA783,SSE02 
US001,TF095,CSE06 
US001,UA221,SSE02 
US001,JO153,SKG02 
US001,DD243,SSP02 
US001,BJ200,SSP02 
US001,QY744,HSE01 
US001,EX155,CKG06 
US001,XK327,SOY02 
US001,II404,SOY02 
US001,XE660,SSP02 
US001,WU667,SSE02 
US001,TL705,SSE02 
US001,CF740,PSE03 
US001,MD360,SSP02 
US001,MZ017,SSP02 
US001,CQ653,SSE02 
US001,LV691,SKG02 
US001,XE685,SOY02 
US001,KU571,SKG02 
US001,QM872,SSP02 
US001,MC038,SOY02 
US001,QE698,SSE02 
US001,XA114,SOY02 
US001,XH763,SKG02 
US001,DB780,SSE02 
US001,SY526,CSE06 
US001,IT962,SSE02 
US001,GG632,SSP02 
US001,MP186,SSE02 
US001,AI576,SOY02 
US001,DT774,SSE02 
US001,GS400,SKG02 
US001,ZR003,CKG06 
US001,QE872,SSP02 
US001,CQ239,CSP06 
US001,LP163,SSE02 
US001,SL714,SSE02 
US001,WY530,SSE02 
US001,AK990,CKG06 
US001,BG015,SSP02 
US001,FV306,SKG02 
US001,NA483,SSE02 
US001,XO389,SSE02 
US001,WG366,SOY02 
US001,JG076,CSP06 
US001,FI355,CSE06 
US001,UN842,SSP02 
US001,AI279,SOY02 
US001,DV964,SKG02 
US001,GP453,SKG02 
US001,OO931,SKG02 
US001,HV985,SSP02 
US001,CQ178,SSE02 
US001,AV310,SKG02 
US001,HD171,SSP02 
US001,MZ879,SSE02 
US001,MK830,SSP02 
US001,YZ231,SKG02 
US001,FZ584,SOY02 
US001,MA541,SSP02 
US001,LK874,HSP01 
US001,DO151,SSE02 
US001,KP741,SKG02 
US001,XE001,SSE02 
US001,UH167,SSE02 
US001,EH605,SKG02 
US001,YF398,HSE01 
US001,IQ797,SOY02 
US001,DN950,SOY02 
US001,GZ004,SOY02 
US001,XE173,SKG02 
US001,RM611,SOY02 
US001,KU881,SSE02 
US001,VC033,POY03 
US001,FP392,SSP02 
US001,DE455,SSP02 
US001,UY670,SKG02 
US001,YQ895,SSP02 
US001,SS280,SSE02 
US001,UO726,SKG02 
US001,TD302,SOY02 
US001,OG249,SOY02 
US001,JT407,SSE02 
US001,TM336,SSE02 
US001,II998,SSP02 
US001,DO894,SSE02 
US001,ZN975,SOY02 
US001,XA544,SSE02 
US001,YF968,SSE02 
US001,DI639,SSE02 
US001,AP339,SOY02 
US001,IU266,SKG02 
US001,SE038,SSE02 
US001,OM302,SSE02 
US001,JJ572,SSP02 
US001,LB964,SSP02 
US001,MT228,SOY02 
US001,ZZ390,SKG02 
US001,AY187,SOY02 
US001,JN274,SKG02 
US001,AX610,SSE02 
US001,QD953,SSE02 
US001,HG889,SKG02 
US001,LY208,SSE02 
US001,HE202,SOY02 
US001,FC785,SSE02 
US001,LB142,SSE02 
US001,VX384,SKG02 
US001,NQ431,SSE02 
US001,OK056,SSP02 
US001,CP695,SSP05 
US001,NI776,SSP02 
US001,XU915,SSE02 
US001,YZ720,SSE02 
US001,IQ039,SSE02 
US001,DX350,SSE02 
US001,WD630,SOY02 
US001,HI556,SSP02 
US001,DQ933,SSE02 
US001,MB368,SSE02 
US001,SF758,SSE02 
US001,LZ137,SOY02 
US001,TG602,PSE03 
US001,JF344,SOY05 
US001,MU229,SOY02 
US001,ME511,SSP02 
US001,GY563,SKG02 
US001,MV254,HSE01 
US001,GZ128,SSP02 
US001,EG439,SKG02 
US001,UZ571,SSE02 
US001,RP082,SSE02 
US001,QO748,SSE02 
US001,PI627,SSE02 
US001,LJ243,SOY02 
US001,TO219,SSE02 
US001,WD337,SOY02 
US001,OL348,PSE04 
US001,HK975,SSE02 
US001,TE017,SSE02 
US001,IB411,SSE02 
US001,BM608,SKG02 
US001,NF421,SSE02 
US001,NQ962,SKG02 
US001,ZA868,PSE04 
US001,ZO557,SSP02 
US001,YB911,SOY02 
US001,WH978,SOY02 
US001,OY343,SSE02 
US001,RK217,SSE02 
US001,WD971,PSE03 
US001,DL806,SKG02 
US001,TJ686,SSP02 
US001,VV850,SSE02 
US001,KH000,SKG02 
US001,NZ968,SOY02 
US001,XM240,SSE02 
US001,CE815,SSE02 
US001,TP862,SOY02 
US001,RS422,SKG02 
US001,WM267,SSP02 
US001,NJ025,SSE02 
US001,ZJ110,PSP03 
US001,MT729,SSP02 
US001,NG274,SSP02 
US001,SP769,SSE02 
US001,VZ689,SKG02 
US001,IY466,SKG02 
US001,YZ985,SSE02 
US001,MP946,SKG02 
US001,MC605,SSE02 
US001,NB891,SKG02 
US001,LJ522,SSE02 
US001,DR667,SSE02 
US001,AR763,SSE02 
US001,UR628,SSE02 
US001,SY016,SSE02 
US001,WV882,SSE02 
US001,TK045,SOY02 
US001,SD049,SKG02 
US001,UG133,SOY02 
US001,DS572,SOY02 
US001,BK516,SSE02 
US001,FU522,SSP02 
US001,OM560,SSP02 
US001,LB941,SOY02 
US001,CL014,SOY02 
US001,CA934,SSE02 
US001,UK082,PSP03 
US001,HB550,SKG02 
US001,DM880,SSE02 
US001,UD023,SSE02 
US001,ZC444,SSE02 
US001,MX256,SSP02 
US001,GS246,CSP06 
US001,EW020,SOY02 
US001,JU656,SSE02 
US001,FZ315,SSE02 
US001,BT479,SSP02 
US001,YI334,SSE02 
US001,GX504,SSE02 
US001,BG636,SSE02 
US001,ZI218,SOY02 
US001,TW243,SSE02 
US001,AR828,SSP02 
US001,DF316,SSE02 
US001,OH722,SSE02 
US001,WO543,SSP02 
US001,WB941,SSP02 
US001,XJ698,SSP02 
US001,TK306,PKG04 
US001,IC371,SSE02 
US001,IC593,SKG02 
US001,XF670,CSE06 
US001,SS309,SSE02 
US001,TE844,SSP02 
US001,JN107,SOY02 
US001,XK915,SOY02 
US001,YD928,SSE02 
US001,AV081,SSE02 
US001,TJ520,HOY01 
US001,XX100,SSE02 
US001,LW083,SSE02 
US001,PD221,CSP06 
US001,TV305,SKG02 
US001,JC654,SKG02 
US001,JF178,SKG02 
US001,HC676,HSE01 
US001,WN783,SSE02 
US001,NH459,HKG01 
US001,LK697,SOY02 
US001,OQ819,SSE05 
US001,LP145,SKG02 
US001,UC464,SSE02 
US001,CV235,CSE06 
US001,EN707,SSE02 
US001,TQ992,HKG01 
US001,LF186,SOY02 
US001,LD180,SOY02 
US001,YT865,SSE02 
US001,LJ697,PSE03 
US001,ZB850,SOY02 
US001,YJ295,SSE02 
US001,QN835,SSE02 
US001,LF583,SSE02 
US001,EV369,COY06 
US001,PX847,SOY02 
US001,DD789,SSE02 
US001,NL548,SSP02 
US001,VA913,SSE02 
US001,AF304,SSE02 
US001,HE996,SSP02 
US001,RT095,CKG06 
US001,VM372,SSE02 
US001,VO263,SSE02 
US001,KD194,SSE02 
US001,GL683,CSP06 
US001,RM089,SSP02 
US001,KV865,SSE02 
US001,JW945,SKG02 
US001,FL717,SSE02 
US001,LW505,SSP02 
US001,EB743,SSP02 
US001,LL108,CSE06 
US001,EM601,SSE02 
US001,SG548,SSE02 
US001,UI348,SSE02 
US001,GM232,SKG02 
US001,KX408,SSE02 
US001,TG948,SSE02 
US001,GA145,SKG02 
US001,EJ939,SSP02 
US001,RR237,SSE02 
US001,FE472,COY06 
US001,FA630,SOY02 
US001,RM418,SOY02 
US001,ZI753,PSP03 
US001,JJ537,SSE02 
US001,LF118,SSE02 
US001,IX797,SKG02 
US001,JM233,SSE02 
US001,OW728,SSP02 
US001,RT026,PSE03 
US001,CT162,SSE02 
US001,TW520,SSE02 
US001,ZX635,SKG02 
US001,LT442,SSE02 
US001,HK984,SOY02 
US001,CU425,SKG02 
US001,WU698,SSE02 
US001,VR478,SSE02 
US001,KY636,SOY02 
US001,LO937,SSE02 
US001,DJ917,SKG02 
US001,WZ923,SSE02 
US001,MJ485,SSP02 
US001,NM556,SSE02 
US001,RL799,SSE02 
US001,HE235,CSP06 
US001,IT903,SOY05 
US001,PD789,COY06 
US001,LB928,SOY02 
US001,KF329,SSE02 
US001,CA261,SOY02 
US001,BT536,SSE02 
US001,IK698,SOY02 
US001,KA258,SOY02 
US001,FQ870,SSE02 
US001,KW442,SKG02 
US001,ST154,SSE02 
US001,IU245,SOY05 
US001,OO982,SSP02 
US001,BS454,HSE01 
US001,LC389,SSP05 
US001,UP822,SOY02 
US001,NC845,SSE02 
US001,IP689,SSE02 
US001,EW609,SSE02 
US001,AD041,SSP02 
US001,QW187,SSE02 
US001,XT802,SSE02 
US001,WM685,SSE02 
US001,YA034,SSP02 
US001,TK669,SSE02 
US001,PC673,SSE05 
US001,ND959,SSE02 
US001,EW153,SOY02 
US001,AA690,POY04 
US001,RW748,SSE02 
US001,VE172,SOY02 
US001,FN253,CKG06 
US001,JQ349,HSE01 
US001,PW431,SSP02 
US001,OR160,SKG02 
US001,WP746,SOY02 
US001,JG388,CSE06 
US001,RQ135,SSE02 
US001,OF526,SSP02 
US001,RH717,SSE02 
US001,FZ350,SKG02 
US001,OL682,SSE02 
US001,DQ813,HKG01 
US001,QG473,SSE02 
US001,TZ247,CSE06 
US001,CL479,SSE02 
US001,SH430,SOY02 
US001,UO538,SOY02 
US001,ST531,SSE02 
US001,YV904,SSE02 
US001,QH015,SKG05 
US001,CU475,SSE02 
US001,IU113,SSE02 
US001,EL182,SSE02 
US001,CD913,SSE02 
US001,FI149,HSE01 
US001,ZJ411,SOY02 
US001,MK259,SSE02 
US001,BM935,SSE02 
US001,ND876,SKG02 
US001,MD439,SSP02 
US001,TD681,HSE01 
US001,QS506,SSE02 
US001,KR916,SKG02 
US001,KV481,SSP02 
US001,SC846,CSP06 
US001,XW954,PKG04 
US001,LR844,SOY02 
US001,RF474,PSE04 
US001,WV950,SSE02 
US001,SU603,COY06 
US001,EP516,SKG02 
US001,WO537,SSE02 
US001,QG292,SSP02 
US001,YJ179,SSE02 
US001,WO414,POY04 
US001,IN940,SSP02 
US001,SF972,CSE06 
US001,FX630,SKG02 
US001,QR957,SSE02 
US001,XO020,SOY02 
US001,QZ025,SSE02 
US001,VH586,SSP02 
US001,GL201,SOY05 
US001,GP468,SOY02 
US001,AD675,SSP02 
US001,QJ349,SSP05 
US001,OM366,HSE01 
US001,QO832,SSE02 
US001,PK078,HOY01 
US001,TP993,SSE02 
US001,RF733,SOY02 
US001,RT017,SKG02 
US001,AV818,SOY02 
US001,NX146,SSP02 
US001,BQ430,POY03 
US001,AX965,SOY02 
US001,PD556,SSE02 
US001,JK922,SKG02 
US001,MW363,SSP02 
US001,JW445,SSP02 
US001,BE938,SOY02 
US001,HH854,SOY02 
US001,OD182,SKG02 
US001,TL692,SOY02 
US001,II802,SKG02 
US001,VV891,SSP02 
US001,IQ774,SSE02 
US001,CL618,SSP02 
US001,ZT177,SSE02 
US001,PN395,SSE02 
US001,BF074,SSE02 
US001,ZV108,SSP02 
US001,JS009,SSE02 
US001,TP079,SKG02 
US001,JL326,SSE02 
US001,JV764,SKG02 
US001,KI044,SKG02 
US001,DU842,SSP02 
US001,SV377,SSE02 
US001,NX705,HSE01 
US001,YQ472,SSE02 
US001,HV276,SSE02 
US001,MY214,SKG02 
US001,FZ277,SOY02 
US001,EI442,SSP02 
US001,VG733,SKG02 
US001,CV271,HSE01 
US001,IX265,SSE02 
US001,QB567,CKG06 
US001,TT818,SKG02 
US001,ZI098,SSE02 
US001,KO972,SSE02 
US001,BO545,SSE02 
US001,JZ354,SSE02 
US001,BM427,SSE02 
US001,YD287,HSP01 
US001,UC810,SSE02 
US001,FK567,SKG02 
US001,XI958,SKG02 
US001,EJ984,SSE02 
US001,RP356,CSE06 
US001,DH956,SSE02 
US001,RP246,SSP02 
US001,YJ442,SSE02 
US001,EM991,SKG02 
US001,AU518,SSE02 
US001,ZA719,HSP01 
US001,RP178,HSP01 
US001,QS288,SSE02 
US001,LJ338,SOY02 
US001,TN249,SOY02 
US001,UC699,SOY05 
US001,VC164,SSE02 
US001,DC220,CSE06 
US001,MN362,SSP02 
US001,BO427,SOY02 
US001,WN442,SSP02 
US001,HH152,SOY02 
US001,MI630,SOY02 
US001,KH704,SSE02 
US001,JK410,SOY02 
US001,FG361,SOY02 
US001,VK516,SSE02 
US001,LL748,SOY02 
US001,YJ845,SSE02 
US001,JX959,SSE02 
US001,OD995,SSE02 
US001,MI272,SSE02 
US001,JR702,SSE02 
US001,UA501,SSP02 
US001,RD090,SKG02 
US001,NH496,HSE01 
US001,OL539,COY06 
US001,QP557,SSE02 
US001,II496,SKG02 
US001,SX010,SSE02 
US001,DN660,SSE02 
US001,SD635,SOY02 
US001,DS122,SSP02 
US001,KC943,HKG01 
US001,PR277,SSE02 
US001,TQ371,SSP02 
US001,OO519,SSP02 
US001,ME981,HSE01 
US001,CB537,SKG02 
US001,YS058,SKG02 
US001,EI859,SSE02 
US001,AM031,SSE02 
US001,ZC205,SSP02 
US001,RO964,SOY05 
US001,ZP810,SKG02 
US001,SQ541,SOY02 
US001,KE119,COY06 
US001,GB676,SOY02 
US001,AD960,SSE02 
US001,RF915,SSE02 
US001,OS799,SSE02 
US001,UR818,SSE02 
US001,MK680,COY06 
US001,NZ652,CSE06 
US001,VO189,CSE06 
US001,ZW684,SOY02 
US001,VV526,SKG02 
US001,PC879,SKG02 
US001,NU771,PSE04 
US001,PS189,SKG02 
US001,CE949,SSE02 
US001,UV152,SSE02 
US001,HM246,SSP02 
US001,NE263,SSP02 
US001,MT202,SSE02 
US001,TZ553,CSE06 
US001,LJ575,SSP02 
US001,EF162,SKG02 
US001,IU235,SKG02 
US001,HG495,SSE02 
US001,RU198,SSE02 
US001,DX618,HSE01 
US001,XQ676,SKG02 
US001,OB441,CSE06 
US001,OO413,SSE02 
US001,KE456,SSP02 
US001,IF503,SSP02 
US001,HT438,SSE02 
US001,PE440,SOY02 
US001,RJ852,SSE02 
US001,KM650,SSP02 
US001,UC471,SKG02 
US001,XM263,SKG02 
US001,RP335,SSP02 
US001,OE329,SOY02 
US001,SN076,SSE05 
US001,AE632,SOY02 
US001,CX896,SOY02 
US001,CY894,SSE02 
US001,JN264,HSE01 
US001,BZ911,PSE04 
US001,ET746,SSE02 
US001,JU326,SSP05 
US001,DA467,SSP02 
US001,PF663,SSE02 
US001,SH631,PSP04 
US001,MK030,HSP01 
US001,UK857,SSE02 
US001,AK939,SSE02 
US001,ZH618,SSE02 
US001,PW610,SOY02 
US001,YH205,SKG02 
US001,EA361,SSE02 
US001,LY963,SOY02 
US001,ZG784,SOY02 
US001,XW287,CSP06 
US001,GW208,SSE02 
US001,XU094,SSE02 
US001,JL006,SOY02 
US001,OY102,SSE02 
US001,KY605,CSP06 
US001,MM682,SSE02 
US001,ZQ530,SSE02 
US001,WJ767,SKG02 
US001,BQ717,SSE02 
US001,OI189,SSE02 
US001,KG248,SKG02 
US001,AN498,SOY02 
US001,YM458,SOY02 
US001,DQ995,SSE02 
US001,GR620,SSE02 
US001,HV490,SSE02 
US001,EI532,SOY02 
US001,ZA301,SOY02 
US001,OW348,SSE02 
US001,WY684,SKG02 
US001,KW917,SKG02 
US001,SJ659,SSP02 
US001,AM040,SSE02 
US001,IA790,SSE02 
US001,DS518,SSE02 
US001,QS441,SKG02 
US001,HV306,SKG02 
US001,QB029,PSP04 
US001,PL807,SKG02 
US001,JC735,SSP02 
US001,VP621,SKG02 
US001,QA659,SSE05 
US001,JG838,SSE02 
US001,RU070,SOY02 
US001,HX107,SSE02 
US001,LL295,SSE02 
US001,EN090,SOY05 
US001,LL567,SSE02 
US001,JG005,SSE02 
US001,AM740,SOY02 
US001,TW822,SSE02 
US001,BZ619,HSE01 
US001,ZI740,SKG02 
US001,QG426,CSE06 
US001,KK518,SSE02 
US001,LO429,SSE02 
US001,QB010,SSE02 
US001,EX122,SSP02 
US001,TD379,SSE02 
US001,JS928,COY06 
US001,MS934,SOY02 
US001,AK512,SSE02 
US001,VX013,HKG01 
US001,YZ737,SSP02 
US001,EC749,SSE02 
US001,PZ339,SKG02 
US001,CQ687,SSE02 
US001,JV755,CSP06 
US001,KP402,SSP02 
US001,JC441,CSE06 
US001,FD752,CSE06 
US001,OX071,SSP02 
US001,GG724,SKG02 
US001,FD942,SSE05 
US001,SJ546,SSE02 
US001,KT572,SSP02 
US001,GB626,SSE02 
US001,QF582,SSE02 
US001,AQ874,HSE01 
US001,NC130,SSE02 
US001,ZD915,HSE01 
US001,SK028,SSE02 
US001,DC133,COY06 
US001,IS517,SSE02 
US001,WZ669,SSP02 
US001,RH420,SOY02 
US001,ZC808,SSP02 
US001,CH324,SOY02 
US001,XA265,SSE02 
US001,LX720,HSP01 
US001,OI357,SKG02 
US001,CI152,SSP02 
US001,QG164,SSE02 
US001,VO654,SSE02 
US001,YE301,SSP02 
US001,ZQ888,SSP02 
US001,HH308,SKG02 
US001,KK029,SOY02 
US001,WR676,SSP02 
US001,DX643,PSP04 
US001,LW601,SOY02 
US001,BC167,SOY02 
US001,DV677,SSE02 
US001,UI445,SSP02 
US001,PH860,SSE02 
US001,HD509,SSE05 
US001,YG449,SSE02 
US001,IF171,SSP02 
US001,BN774,SSE02 
US001,SB850,SOY05 
US001,AT031,SSE02 
US001,BC298,SKG02 
US001,OV423,SSE02 
US001,UV640,SSE02 
US001,IW707,SSE02 
US001,PA270,SSE02 
US001,RP580,SOY05 
US001,JA131,SOY02 
US001,OK818,HSE01 
US001,TJ155,SSE05 
US001,ZY405,SOY02 
US001,LX040,SSP02 
US001,MR761,SSP02 
US001,JX940,SKG02 
US001,JS166,SSE02 
US001,BK311,SOY02 
US001,RZ389,SOY02 
US001,FK445,SOY02 
US001,YP271,SOY05 
US001,ME990,SSE02 
US001,AR064,SKG02 
US001,HK525,SSE02 
US001,JU370,SKG02 
US001,VN217,HSE01 
US001,HN686,SKG02 
US001,QW769,SOY02 
US001,JM649,SSE02 
US001,IG595,SSE02 
US001,GE975,SOY02 
US001,MN364,POY04 
US001,BI150,SSE02 
US001,XW762,SKG02 
US001,TY492,SSE02 
US001,DQ702,SSE02 
US001,ON896,SOY02 
US001,BL975,SSE02 
US001,DR676,PSE04 
US001,JQ198,SOY02 
US001,TA429,SSE02 
US001,QW973,SSE02 
US001,WP939,SSP02 
US001,GL513,COY06 
US001,YS060,SSE02 
US001,UJ389,SSP02 
US001,TG150,SKG02 
US001,MA426,HSP01 
US001,FH656,SOY02 
US001,RV050,SSE02 
US001,GE040,SSE02 
US001,VS516,HSP01 
US001,AS375,SSP02 
US001,OB802,PSE04 
US001,CB216,SKG02 
US001,LZ314,SOY02 
US001,YY081,SSE02 
US001,AB412,HKG01 
US001,AB379,SSE02 
US001,AV959,SKG02 
US001,CZ097,SKG02 
US001,OD195,SSE05 
US001,HZ423,SOY02 
US001,ZC061,SSP02 
US001,HV058,SSE02 
US001,GF779,SSE02 
US001,RM985,SSE02 
US001,VA137,HSP01 
US001,KE976,SSE02 
US001,LN558,SSE02 
US001,BE040,SSE02 
US001,MF510,SKG02 
US001,HM022,SSP02 
US001,SF240,SSP02 
US001,JE365,SSE02 
US001,LA734,SKG02 
US001,YX304,SOY02 
US001,YH592,SSE02 
US001,UQ697,HSP01 
US001,VP723,SSE02 
US001,TH833,SKG02 
US001,GO843,SKG02 
US001,BZ358,SSE02 
US001,OI324,SSE02 
US001,VO382,SKG02 
US001,AN249,SSE02 
US001,FV301,SSE02 
US001,NB539,SSE02 
US001,QJ544,SSE02 
US001,YQ844,SSE02 
US001,HD165,PSE04 
US001,JL868,SKG02 
US001,MY368,SSP02 
US001,MV644,POY04 
US001,HB326,SSE02 
US001,LC437,SSP02 
US001,UU227,SSE02 
US001,LJ844,SSE02 
US001,DA875,SKG02 
US001,WA077,SOY02 
US001,GZ372,SOY02 
US001,YI379,SSE02 
US001,QN271,SSE02 
US001,HB437,PSE03 
US001,LT008,SSE02 
US001,EA889,SOY02 
US001,PA174,SSE02 
US001,FU401,SSE02 
US001,EM059,SSE02 
US001,QW816,CSE06 
US001,ZL502,HKG01 
US001,IF331,CKG06 
US001,XK639,SSP02 
US001,DP573,SKG02 
US001,TA216,SOY02 
US001,ON647,SOY02 
US001,UF720,SSE05 
US001,JS184,SSE02 
US001,KD149,CSE06 
US001,MK243,SSE02 
US001,YE823,SSE02 
US001,EC767,SSE02 
US001,VB021,SKG02 
US001,QX411,COY06 
US001,VL777,HOY01 
US001,KN640,SSE02 
US001,TQ947,SOY02 
US001,TZ532,SSE02 
US001,EX957,SSE02 
US001,ZN274,SOY05 
US001,AX936,SSE02 
US001,TF934,SSP02 
US001,MW764,SSE02 
US001,CD069,CSE06 
US001,XW543,SSE02 
US001,IJ971,SOY02 
US001,JH297,SSE02 
US001,HG903,SSE05 
US001,YR259,SSE02 
US001,HC688,SSP02 
US001,VY467,SSE02 
US001,OC951,SOY02 
US001,LA151,CSE06 
US001,CF534,SOY05 
US001,BA483,SKG02 
US001,UU377,SSP02 
US001,WL382,SOY02 
US001,DH870,SKG02 
US001,QL038,SSP02 
US001,EN916,SOY02 
US001,WI001,SSP02 
US001,FO063,SOY02 
US001,ZA235,SOY02 
US001,BG264,HOY01 
US001,NS869,SOY02 
US001,HH410,SSE02 
US001,YF760,SKG02 
US001,JB883,SOY02 
US001,HP112,SKG02 
US001,GA584,SKG02 
US001,BT331,SOY02 
US001,ZJ476,CSE06 
US001,XH142,SKG05 
US001,UV353,SSP02 
US001,TR541,SSE02 
US001,JL618,SSE02 
US001,IU046,SOY02 
US001,FV121,SKG02 
US001,BO370,SSE02 
US001,ZR476,SSP02 
US001,EH450,SOY02 
US001,DB835,SSP02 
US001,LA412,SSE02 
US001,PF202,SOY05 
US001,GT180,SSE02 
US001,VZ688,SSE02 
US001,RA457,SSE02 
US001,MM992,PSE04 
US001,MO804,SKG02 
US001,PW399,SSP02 
US001,OM892,SKG02 
US001,OY190,SSE02 
US001,HU642,HOY01 
US001,OK359,SSE02 
US001,GS896,SKG02 
US001,NS109,SSE02 
US001,UE801,SKG02 
US001,BA548,SOY02 
US001,YV537,SSE02 
US001,XA221,SSP02 
US001,LV576,SSP02 
US001,LE141,COY06 
US001,KF998,SKG02 
US001,YD390,SOY02 
US001,YD028,HSE01 
US001,LY247,SSE05 
US001,LN987,SKG02 
US001,SI821,HSE01 
US001,ID198,SKG02 
US001,JU077,SSE02 
US001,YE277,SKG02 
US001,KX571,SKG02 
US001,DC010,SSE02 
US001,ED203,SSP02 
US001,ER143,SSE02 
US001,OA658,SKG02 
US001,KL578,SSE02 
US001,EU244,PSE03 
US001,PV810,SSE02 
US001,FY069,PSE04 
US001,WU004,SKG02 
US001,XD043,SKG02 
US001,LD523,SOY02 
US001,RN376,SOY02 
US001,VH941,SKG02 
US001,QF524,SSE02 
US001,VW365,SSE02 
US001,OB776,SSE02 
US001,OI947,SSE02 
US001,PZ318,SSE05 
US001,RU745,PSE04 
US001,CS622,SOY02 
US001,ZL400,SOY02 
US001,WV479,SSE02 
US001,VJ951,SOY02 
US001,OY189,SSP02 
US001,ZK234,SOY02 
US001,TC420,SSE02 
US001,BK785,SSP02 
US001,IA548,SSP02 
US001,UV340,SSE02 
US001,QD637,SSE02 
US001,IR040,SOY02 
US001,BN702,SSE02 
US001,IO805,SKG02 
US001,EM803,CSE06 
US001,UU096,SKG02 
US001,YD770,SSE02 
US001,NC680,SSE02 
US001,RY560,SSE02 
US001,OA442,SSP02 
US001,CM967,SOY02 
US001,VF458,SKG02 
US001,YU063,SOY02 
US001,PR012,SSE02 
US001,DQ686,SKG02 
US001,LF355,SSE02 
US001,WJ553,SSE02 
US001,FJ134,SSE02 
US001,ML880,SSE02 
US001,LM826,POY03 
US001,OA720,SSE02 
US001,RW984,SSE02 
US001,IF661,SSP02 
US001,WG668,SSE02 
US001,QX426,SKG02 
US001,CI421,SKG02 
US001,SV668,PSE04 
US001,TL905,SSE02 
US001,FA918,SKG02 
US001,JM429,SSE02 
US001,DE309,SSE02 
US001,EI434,SKG02 
US001,LV909,SSE02 
US001,ZS770,SKG02 
US001,GY623,SSP02 
US001,XW714,SSE02 
US001,JE695,SSE02 
US001,VC366,SOY02 
US001,NX610,SOY02 
US001,PH510,SKG02 
US001,BP833,SOY02 
US001,NY949,SKG02 
US001,OL985,SOY05 
US001,MM851,SSP02 
US001,NN074,SSE02 
US001,PV417,SSE02 
US001,CB521,SSE02 
US001,JS899,PSE04 
US001,HN804,HSE01 
US001,FI629,SSE02 
US001,NL267,SSE02 
US001,TY258,SKG02 
US001,YN078,SOY02 
US001,AM329,COY06 
US001,SD665,CSE06 
US001,WT822,HOY01 
US001,IN363,SSE02 
US001,GM437,SSE02 
US001,FX455,SSE02 
US001,SI452,SKG02 
US001,UA749,SKG02 
US001,GY471,SSE02 
US001,MN433,SSE02 
US001,GN503,PKG03 
US001,NS113,SOY02 
US001,TP490,SSE02 
US001,KE377,SSP02 
US001,XX004,SSP02 
US001,BK932,SSP02 
US001,PD267,SSE02 
US001,DI946,SSE02 
US001,JD071,SSE02 
US001,NY904,SSE02 
US001,HV100,SKG02 
US001,YR878,SSE02 
US001,ID262,SOY02 
US001,WG980,SSE02 
US001,LU933,CSP06 
US001,FJ939,POY03 
US001,MV938,SOY02 
US001,TB281,SOY02 
US001,AZ590,SOY02 
US001,AI480,SSE02 
US001,RZ799,SKG02 
US001,GA535,SSE02 
US001,WM312,SSE02 
US001,MN059,SOY02 
US001,IH414,SSP02 
US001,EH504,SSP02 
US001,HQ492,SSP02 
US001,MC419,SOY02 
US001,NK737,SSP02 
US001,KY304,SOY05 
US001,SP215,SKG02 
US001,HS476,SKG02 
US001,ZT483,CSP06 
US001,RQ934,SOY02 
US001,EA732,SOY02 
US001,EG965,SSE02 
US001,LE787,SSP02 
US001,PX795,SKG02 
US001,TM688,SSP02 
US001,WV159,SSE02 
US001,UW038,SSE02 
US001,GT897,HKG01 
US001,SM560,SOY02 
US001,BO116,HSE01 
US001,HJ437,SSE02 
US001,CF862,CSE06 
US001,AL326,SSP02 
US001,JV624,PSP04 
US001,SJ307,SOY02 
US001,RH277,SKG02 
US001,FC834,SSE02 
US001,QB695,COY06 
US001,FX969,SKG02 
US001,JD315,SOY02 
US001,VD318,SSE02 
US001,RJ782,SKG02 
US001,MM481,COY06 
US001,LV701,SSE02 
US001,KU735,SSP02 
US001,GQ662,SOY02 
US001,IE205,SSE02 
US001,UG637,SSE02 
US001,PS602,SOY02 
US001,OT569,SOY05 
US001,CO259,SSE02 
US001,AT343,SKG02 
US001,TL132,SKG02 
US001,UX890,SOY02 
US001,QS530,SSP02 
US001,HL189,SSE02 
US001,SY637,SSE02 
US001,EO087,SSE02 
US001,JW344,HOY01 
US001,KP675,SKG02 
US001,DP181,SOY02 
US001,BM484,SOY05 
US001,FG385,HSE01 
US001,II029,SOY02 
US001,VG858,SOY02 
US001,JC290,SSE02 
US001,IS142,SSE02 
US001,KI516,SOY02 
US001,QK125,SOY02 
US001,XS074,SSP05 
US001,EL537,SOY02 
US001,QQ746,SSP02 
US001,LP961,SSP02 
US001,NZ085,SSP02 
US001,AS660,SOY02 
US001,MI734,SKG02 
US001,JJ746,SSE02 
US001,QM376,SOY02 
US001,TP558,SKG02 
US001,WK574,SOY02 
US001,DO801,SSE02 
US001,VT150,SSE02 
US001,IZ121,SSE02 
US001,DU940,SKG02 
US001,QQ505,SOY02 
US001,AS834,SSE02 
US001,AB206,SOY02 
US001,LA609,SSE02 
US001,PP529,SSP02 
US001,HV962,SSE02 
US001,RL034,SSP02 
US001,QH916,SSE02 
US001,PQ175,SKG02 
US001,OZ015,SSP02 
US001,LH542,SKG02 
US001,LV967,SKG02 
US001,QD701,SOY02 
US001,NT689,CSE06 
US001,KG010,SKG02 
US001,SN813,SSE02 
US001,EB587,SOY05 
US001,ZW527,SSE02 
US001,BS090,PSE04 
US001,AD352,SKG02 
US001,SS436,SSP02 
US001,HO038,SSE02 
US001,NQ546,SOY02 
US001,DN363,SSP02 
US001,SD135,SOY02 
US001,UZ599,SSP02 
US001,WH158,SKG02 
US001,XH815,SSP02 
US001,KY424,SOY02 
US001,RG484,SSE02 
US001,LO080,SSP02 
US001,SD945,SSP02 
US001,AX657,PKG03 
US001,KZ326,SSE02 
US001,OA913,SSE02 
US001,HW502,SSE02 
US001,TV825,CSE06 
US001,ON289,POY03 
US001,KY967,SKG02 
US001,NX636,SOY02 
US001,FR413,SSE02 
US001,KE931,SSE02 
US001,KM518,SSE02 
US001,RY505,SSE02 
US001,KO388,SSE02 
US001,PX189,SSE02 
US001,BX154,SSP02 
US001,ZJ901,CSE06 
US001,IA730,SOY02 
US001,OE414,SSE02 
US001,RU837,SKG02 
US001,KS839,SOY02 
US001,PJ059,SSP05 
US001,BN608,SSE02 
US001,OO061,SSP02 
US001,LV567,SSE02 
US001,OT113,SSE02 
US001,RS601,SSE02 
US001,ZA258,SSE02 
US001,JD802,SSP02 
US001,GO651,SSP02 
US001,GS555,HKG01 
US001,MV782,POY04 
US001,DV004,SSE02 
US001,CB944,SKG02 
US001,WC263,PSE04 
US001,JM156,SOY02 
US001,NP145,SOY02 
US001,RI090,HKG01 
US001,NC212,SSE02 
US001,EM288,SSE02 
US001,PF032,SSE02 
US001,FA776,CSE06 
US001,DK720,SSE02 
US001,VU482,SSP02 
US001,II562,HSE01 
US001,MO178,SSE02 
US001,XN483,SSP02 
US001,XH645,SSE02 
US001,XB357,CSE06 
US001,WU718,SOY02 
US001,AU940,CSE06 
US001,TN255,SSE02 
US001,SR248,SSE02 
US001,PJ499,SKG02 
US001,HB140,SSE02 
US001,FT381,SOY02 
US001,UN092,SSE02 
US001,WN102,SSE02 
US001,SL245,SSE02 
US001,PZ064,SKG02 
US001,NY088,SSE02 
US001,WO629,SSE02 
US001,OQ297,SSP02 
US001,TI680,SOY02 
US001,WZ514,SSE02 
US001,OD343,SSE02 
US001,QY246,SSP02 
US001,AL531,CSE06 
US001,AV821,SKG02 
US001,HL410,SSP02 
US001,EX297,SSE02 
US001,CA337,SSP02 
US001,DI968,SSE02 
US001,UT796,SKG02 
US001,JQ679,SOY02 
US001,IU454,SSE05 
US001,QD352,SOY02 
US001,PV511,SOY02 
US001,LX583,SOY02 
US001,LZ604,PSE03 
US001,SQ560,SOY02 
US001,WR453,SOY02 
US001,GB003,SSE02 
US001,BB663,SSP02 
US001,NO904,SSE02 
US001,AI278,SSP02 
US001,WL438,SOY02 
US001,OH598,SKG05 
US001,PH283,SOY02 
US001,VA883,SSE02 
US001,US598,SKG02 
US001,WD465,SSP02 
US001,BH745,SOY02 
US001,GO050,SSE02 
US001,XJ670,SSP02 
US001,LY433,SOY02 
US001,IR329,SKG02 
US001,XI977,SSE02 
US001,BN150,SOY05 
US001,EG987,CSE06 
US001,RM037,SOY02 
US001,EO080,CSE06 
US001,RF911,SOY02 
US001,ME212,SSE02 
US001,DY887,SSE02 
US001,GA439,HKG01 
US001,QS689,SKG02 
US001,FW044,PSP04 
US001,IX578,SSE02 
US001,DP237,SSE02 
US001,QG194,SSE02 
US001,US206,SKG02 
US001,CO430,PKG03 
US001,HZ237,SSE02 
US001,EG790,SOY02 
US001,EL863,SOY05 
US001,IN118,SSP02 
US001,IQ288,POY04 
US001,YA921,SSE02 
US001,ZY127,SSP02 
US001,MB278,SSE02 
US001,KY647,SOY02 
US001,LK742,SSE02 
US001,LD227,SKG02 
US001,VS480,SSE02 
US001,ZV399,SOY02 
US001,FQ631,SSE02 
US001,YF292,SSE02 
US001,VG884,SSP02 
US001,FV180,SOY02 
US001,ZP980,COY06 
US001,IO912,SSE02 
US001,FB012,SSE02 
US001,RS949,SOY02 
US001,RO418,SSP02 
US001,WW595,SSE02 
US001,EI051,SSP02 
US001,TL844,SOY02 
US001,UP704,SSE02 
US001,RW513,SSE02 
US001,WI070,SKG02 
US001,KZ456,SSE02 
US001,FX596,SSE02 
US001,GX540,SSE02 
US001,BI870,SOY02 
US001,ZY889,SSE02 
US001,JM239,SSE02 
US001,PR059,SSE02 
US001,EQ749,SKG02 
US001,QJ930,COY06 
US001,VJ551,PKG04 
US001,XP915,HSP01 
US001,HR534,SSE02 
US001,DU835,SKG02 
US001,CG138,SSE02 
US001,QR031,SSE02 
US001,VS932,SKG02 
US001,ZZ195,SOY02 
US001,YW075,SSE02 
US001,ER106,SOY02 
US001,GS375,POY03 
US001,DZ681,CSE06 
US001,ZO743,SKG02 
US001,IX934,SSE02 
US001,VJ414,SSE02 
US001,QL188,SSE02 
US001,MY251,SSP02 
US001,CR300,SSE02 
US001,VQ712,SSP02 
US001,WN264,PSE03 
US001,BX143,SSE02 
US001,OP918,HOY01 
US001,CL244,SKG02 
US001,XN545,SSE02 
US001,JT452,SSE02 
US001,VU740,SSP02 
US001,TT430,SSE02 
US001,FE495,SSE02 
US001,DT869,SOY02 
US001,DL666,SOY02 
US001,VB067,SSE02 
US001,JC884,CSE06 
US001,BM916,SKG02 
US001,OL391,SSE02 
US001,KG941,SKG02 
US001,MC692,SOY02 
US001,VD807,PSE03 
US001,LS797,SSE02 
US001,IN171,SSE02 
US001,XV757,SKG02 
US001,UG842,SOY02 
US001,NQ565,HSP01 
US001,UO410,SOY02 
US001,VW270,SSP02 
US001,PL434,SSE02 
US001,LJ518,SSE02 
US001,YD310,SSE02 
US001,YR314,COY06 
US001,UP906,SSE02 
US001,JC717,SSE02 
US001,UH196,SSE02 
US001,BX594,SSE02 
US001,KP870,CSE06 
US001,DO047,SKG02 
US001,KP272,SSP02 
US001,WA062,SSE02 
US001,HT940,SOY02 
US001,IH413,SOY02 
US001,IB798,SSE02 
US001,VY577,SOY02 
US001,UP402,SSE02 
US001,VY171,SOY02 
US001,YH273,SKG02 
US001,EJ832,SSP02 
US001,JX491,SKG02 
US001,HU504,SSE02 
US001,QZ798,PSE04 
US001,FQ733,CSE06 
US001,DS102,HOY01 
US001,TT596,SOY02 
US001,ZP781,SSP02 
US001,OW429,PSE04 
US001,NO590,SOY02 
US001,HZ989,SOY02 
US001,VA766,SSE05 
US001,AU894,SSE05 
US001,KF451,SOY02 
US001,TL952,SSE02 
US001,MV129,SSE02 
US001,ZB184,SSP02 
US001,YI730,SSE02 
US001,HN080,SOY02 
US001,EF855,SSE02 
US001,SE588,SSE02 
US001,LL920,SSE02 
US001,NY163,SSP02 
US001,LJ918,SOY02 
US001,JJ792,SSE02 
US001,XQ627,SSP02 
US001,JE773,SSE02 
US001,JL465,SSE02 
US001,MU784,SOY02 
US001,YM512,SSE02 
US001,TC540,PKG04 
US001,IG371,SKG02 
US001,XC381,HKG01 
US001,CI844,SSP02 
US001,LU774,SSE02 
US001,FM108,SSP02 
US001,QN953,SOY02 
US001,DP001,SKG02 
US001,JB335,SKG02 
US001,MR883,HKG01 
US001,SP763,POY04 
US001,MC080,SSE02 
