company_code,employee_id,employee_name,grade_code
US001,OS854,"Lucas,Brian",2
US001,WW498,"Jones,Anthony",2
US001,EM601,"Anderson,Jacqueline",1
US001,OQ297,"Mason,John",2
US001,OA913,"Vasquez,Michael",3
US001,MI203,"Pittman,Deborah",3
US001,LO429,"Vance,Maria",3
US001,XJ698,"Harrell,George",2
US001,EA732,"Miller,Samuel",2
US001,JD315,"Marks,Michael",2
US001,EL182,"Anderson,Victoria",2
US001,RI950,"Bennett,Bobby",3
US001,VS671,"Fry,Adam",2
US001,AZ075,"Adams,David",3
US001,OO978,"Reeves,George",2
US001,OU654,"Carney,Doris",2
US001,SR248,"Smith,Theresa",3
US001,UO183,"Scott,Richard",2
US001,NT197,"Long,Edward",2
US001,DU940,"Mcgee,Karen",3
US001,QG513,"Olson,Nicholas",1
US001,UA045,"Dickerson,Larry",1
US001,CK618,"Banks,Thomas",2
US001,VL287,"Stokes,James",2
US001,VL777,"Jenkins,Dorothy",3
US001,JF518,"Davis,Kathryn",2
US001,KC756,"Finley,Isabella",2
US001,WE331,"Moore,Scott",3
US001,QH614,"Lyons,Sharon",3
US001,BA083,"Sims,Matthew",2
US001,TP993,"Reynolds,Samuel",2
US001,WS357,"Evans,David",2
US001,ZA719,"Matthews,Frank",1
US001,BS454,"Stephenson,Mary",2
US001,ZW761,"Brown,Ruth",2
US001,NJ267,"Banks,Robert",2
US001,JO153,"Hurley,Mark",3
US001,OU431,"Baldwin,William",2
US001,EP910,"Byers,Lawrence",3
US001,GZ372,"Martin,William",3
US001,SE588,"Bennett,Patricia",2
US001,GV244,"Jones,Robert",2
US001,RN245,"Blackburn,Carl",2
US001,SV377,"Bennett,Ryan",3
US001,IN940,"Juarez,Samuel",2
US001,GO553,"Farrell,Janet",1
US001,XA544,"King,William",2
US001,IY548,"Lyons,Thomas",2
US001,DO047,"Flores,Carol",2
US001,YM360,"Larson,Donald",3
US001,SS727,"Smith,Jeremy",2
US001,IW329,"Fuentes,Cynthia",2
US001,KQ508,"Morrow,Laura",3
US001,WC489,"Cotton,Thomas",3
US001,KE407,"Bradley,Amber",2
US001,LY963,"Gilmore,William",2
US001,VB000,"Pittman,Steven",2
US001,UG842,"Smith,Donald",3
US001,LR844,"Clark,Michelle",3
US001,HG470,"Walsh,Brian",3
US001,BK040,"Mejia,David",2
US001,RM418,"Smith,Mary",2
US001,LS476,"Powell,Johnny",3
US001,MX823,"Burch,Jessica",2
US001,EI859,"Hansen,Lisa",3
US001,EG987,"Bullock,Scott",2
US001,IN118,"Fox,Christine",2
US001,LL108,"Marshall,Stephanie",3
US001,MT202,"Duran,Sean",2
US001,IJ402,"Chaney,Thomas",3
US001,QX160,"Adams,Ashley",2
US001,FC046,"Lee,Steven",3
US001,QZ025,"Bailey,Kevin",2
US001,FC806,"Carroll,David",2
US001,BL818,"Brown,William",3
US001,YI379,"Turner,Olivia",1
US001,VG733,"May,Kenneth",1
US001,RX742,"Henderson,Jeffrey",2
US001,YU140,"Boyd,Richard",3
US001,WA062,"Andrews,Robert",3
US001,DW085,"Fields,Kimberly",3
US001,ER777,"Calhoun,William",2
US001,VQ712,"Willis,Eric",3
US001,WN386,"Townsend,Betty",2
US001,YE277,"Perez,Teresa",3
US001,JQ679,"Ramirez,Robert",3
US001,VJ585,"Austin,David",2
US001,IY466,"Noel,Patrick",3
US001,ZF167,"Mcdonald,Emily",3
US001,NW705,"Johnston,Betty",3
US001,HZ989,"Martin,Stephen",2
US001,XH142,"Andrews,Teresa",3
US001,ZH618,"Randall,Patricia",2
US001,OM302,"Johnson,Linda",3
US001,SL931,"Lopez,Gregory",2
US001,EN033,"Bryant,James",2
US001,QE528,"Combs,John",3
US001,MY214,"Rice,Brenda",3
US001,UE730,"Palmer,Kevin",3
US001,QX298,"Ramirez,Kenneth",3
US001,KE280,"Allen,Mary",2
US001,MP784,"Wilson,Ronald",3
US001,IU113,"Villarreal,Sean",3
US001,PR441,"Hensley,Jesse",2
US001,IK698,"Martin,Jeffrey",3
US001,CO860,"Waters,Michael",2
US001,ES976,"Holmes,Wayne",2
US001,QX930,"Gilbert,Megan",2
US001,VA267,"Alexander,Evelyn",1
US001,OE329,"Carlson,Aaron",2
US001,TT596,"Lamb,Nancy",3
US001,SK487,"Anderson,Megan",2
US001,MF901,"Richards,Amanda",2
US001,MP653,"Turner,Jeffrey",2
US001,CQ687,"Wagner,Juan",1
US001,TX116,"Cortez,Jeffrey",3
US001,GB520,"Garcia,Susan",2
US001,MS519,"Nelson,John",2
US001,SJ777,"Reynolds,Elizabeth",2
US001,XL456,"Sullivan,Edward",1
US001,YH545,"Mcgee,Brandon",2
US001,KU160,"Smith,David",1
US001,VN505,"Jones,David",1
US001,UB445,"Cole,Daniel",3
US001,IF810,"Bird,Louis",1
US001,GN503,"Finch,Diana",2
US001,VT150,"Coleman,Thomas",2
US001,ZA235,"Welch,Carol",3
US001,MU784,"Griffin,Gregory",2
US001,WV605,"Kennedy,Emily",2
US001,YE301,"Martin,Eric",1
US001,VO654,"Anderson,Mary",1
US001,ZM352,"Woods,Stephen",2
US001,II388,"Brown,Sara",2
US001,ZT535,"Hudson,Jessica",3
US001,EL537,"Shelton,John",3
US001,UJ223,"Smith,Steven",3
US001,AQ054,"Wallace,Christopher",2
US001,PG889,"Lee,Thomas",3
US001,KJ605,"Bennett,Jason",3
US001,KV865,"Rush,Matthew",2
US001,BJ242,"Rodriguez,Carl",2
US001,YI334,"Tyler,Grace",3
US001,NZ968,"Stevens,Brenda",2
US001,JU656,"Hunt,Kevin",3
US001,WA077,"Johnson,Joan",2
US001,HU435,"Moore,Sandra",3
US001,QR031,"Cooke,Karen",2
US001,CF654,"Hernandez,Margaret",3
US001,CT050,"Malone,Jennifer",3
US001,MZ318,"Brewer,Amanda",2
US001,TO477,"Reed,William",2
US001,ZR528,"Charles,Alan",3
US001,FJ939,"Becker,Diane",2
US001,VA640,"Stuart,Michael",2
US001,BT536,"Miles,Patricia",2
US001,KM038,"Palmer,Jean",2
US001,YS964,"Phillips,Aaron",2
US001,EX122,"Woods,Amy",2
US001,FW044,"Owens,Alexis",3
US001,ON647,"Smith,John",2
US001,ZY259,"Powell,John",2
US001,NQ511,"Mckay,William",2
US001,NO904,"King,Samantha",3
US001,XW063,"Robinson,Katherine",2
US001,XJ642,"Harvey,Wayne",2
US001,QF392,"Mckinney,David",3
US001,ZZ195,"Thompson,Doris",3
US001,IS446,"Oneill,Joseph",2
US001,LH542,"Campbell,Richard",2
US001,TB281,"Edwards,Christopher",1
US001,EH605,"Waters,Daniel",3
US001,FU401,"Turner,James",2
US001,CF862,"Brown,James",2
US001,FB950,"Wright,John",2
US001,JB688,"Green,Steven",2
US001,VB847,"Hardin,Christina",1
US001,EE467,"Livingston,Diane",2
US001,MK259,"Kennedy,Scott",3
US001,LY433,"Lowe,Linda",3
US001,HB698,"Garrett,Barbara",3
US001,TZ553,"Smith,Barbara",3
US001,ZM967,"Hammond,Frances",2
US001,RF474,"Jackson,Nancy",2
US001,DS572,"Lewis,Michael",3
US001,QL188,"Carter,Susan",2
US001,CO430,"Ellis,Rebecca",2
US001,AV818,"Cox,John",2
US001,OI189,"Sims,Robert",1
US001,PL046,"Savage,Laura",2
US001,BI870,"Garza,Abigail",3
US001,YD310,"Copeland,Lawrence",2
US001,RD787,"Warren,Rebecca",2
US001,UB796,"Munoz,Russell",3
US001,VJ577,"Hatfield,Gabriel",2
US001,FO758,"Brown,Ryan",2
US001,FY603,"Gibson,Anna",2
US001,WB659,"Lane,Michael",2
US001,TJ155,"Jordan,Sharon",3
US001,QG473,"Franklin,Jennifer",2
US001,IU180,"Brown,Michael",3
US001,WD630,"Mack,Philip",3
US001,SD135,"Wiley,Theresa",3
US001,SE771,"Gardner,Emma",2
US001,TL132,"Combs,Joseph",2
US001,SN695,"Mercer,Michael",3
US001,VO382,"Coleman,Jeffrey",3
US001,AV310,"Martinez,Alexis",3
US001,KW910,"Williams,Michael",3
US001,RW505,"Parker,James",2
US001,JN041,"Bush,Marilyn",2
US001,PY297,"Sanders,Maria",3
US001,OM988,"Hahn,William",3
US001,EF855,"Lyons,Donna",2
US001,KB335,"Jones,Susan",1
US001,WN433,"Woods,Kayla",2
US001,UI419,"Lang,Mary",3
US001,FZ315,"Obrien,Samantha",2
US001,UH392,"Mason,Mary",3
US001,NO590,"Williams,Mary",2
US001,YP699,"Browning,William",3
US001,GY623,"Collins,Charles",2
US001,FX596,"Clark,Jennifer",1
US001,ZP288,"Johnson,Jacob",3
US001,VS516,"Smith,Patricia",2
US001,WK707,"Trujillo,Steven",3
US001,LA151,"Gallagher,Katherine",2
US001,SM491,"Moore,Gary",2
US001,RB323,"Cox,Charles",1
US001,OC950,"Jackson,Carolyn",2
US001,DS386,"Manning,Kathleen",2
US001,HB140,"Vargas,Barbara",3
US001,BU756,"Phillips,Zachary",1
US001,YA921,"Rose,Pamela",2
US001,BI507,"Stone,Kimberly",2
US001,ZI740,"Davis,Ronald",3
US001,OL949,"Flores,Richard",2
US001,BG203,"Campbell,Eugene",3
US001,TK052,"Grant,Mary",2
US001,TW262,"Calhoun,Jordan",2
US001,CO124,"Potter,Ronald",2
US001,ET115,"Bowman,Lisa",2
US001,NK737,"Alvarado,Isabella",3
US001,YJ845,"Brown,Patricia",3
US001,OA658,"Wilson,Joan",2
US001,NL931,"Horton,Sarah",3
US001,CW088,"Salazar,Joseph",2
US001,QZ340,"Rios,Shirley",3
US001,RO418,"White,Brian",3
US001,IE220,"Bradley,Jennifer",3
US001,JM429,"Fletcher,Richard",2
US001,DO894,"Jones,Kimberly",2
US001,GS896,"Burke,Walter",3
US001,JI205,"Thomas,Thomas",3
US001,ST531,"Green,Joseph",2
US001,AL323,"Lane,Kimberly",3
US001,FI303,"Miller,Emily",2
US001,IA842,"Boyd,Amy",3
US001,KZ321,"Barton,Thomas",2
US001,HJ741,"Hayes,Mary",2
US001,MS935,"Peterson,Isabella",2
US001,VA883,"Mitchell,James",3
US001,ZL270,"Bray,John",3
US001,YE085,"Nelson,Michael",1
US001,IA548,"Smith,Susan",3
US001,NH115,"Howard,Kathryn",1
US001,FK734,"Evans,James",2
US001,RA924,"England,Karen",3
US001,ON450,"Walker,Andrew",2
US001,GE040,"Mathews,Linda",3
US001,GN908,"Smith,Olivia",2
US001,EX297,"Long,Sarah",2
US001,TG062,"Olson,Joseph",3
US001,WU685,"Olsen,James",3
US001,WC087,"Brown,Joyce",2
US001,CV271,"Murray,Carol",2
US001,AL042,"Mack,Helen",1
US001,ZR955,"Small,Daniel",1
US001,ON287,"Good,Charles",3
US001,WT290,"Jackson,Joseph",3
US001,WL665,"Beck,Matthew",2
US001,CF740,"Wright,Angela",2
US001,KS660,"Martinez,John",3
US001,DP573,"Case,Brittany",1
US001,ZR003,"Johnston,Jacob",2
US001,UT297,"Benson,Betty",3
US001,GQ310,"Gonzalez,Barbara",3
US001,DM734,"Marquez,Joan",2
US001,KS802,"Norton,Kelly",2
US001,HU463,"Garcia,Philip",2
US001,EI051,"Douglas,Donna",1
US001,RB596,"Taylor,David",2
US001,VX013,"Vargas,Juan",3
US001,VU740,"Perez,Charles",2
US001,TW243,"Cunningham,Alexis",3
US001,TJ044,"Williams,Samantha",3
US001,OC599,"Dotson,Robert",3
US001,GX504,"Richardson,Andrew",3
US001,PD789,"Watson,Tyler",2
US001,IS222,"Miranda,John",3
US001,EX155,"Russo,Emma",2
US001,SP215,"Greene,Jennifer",3
US001,TT546,"Murray,James",3
US001,II998,"Johnson,John",3
US001,HL712,"Smith,Frank",3
US001,GQ168,"Beck,Thomas",3
US001,SN491,"Graham,Adam",3
US001,UR628,"Gordon,Eric",2
US001,LJ918,"Williams,Richard",1
US001,DH373,"Kennedy,Juan",2
US001,FG361,"Arnold,Jerry",2
US001,UU377,"Martin,Mary",3
US001,LL920,"Wallace,Roger",3
US001,AD041,"Martinez,Janice",1
US001,RN178,"Hahn,William",3
US001,JP493,"Mullins,Brian",2
US001,LT316,"Mcmahon,Joyce",2
US001,UR924,"Gonzalez,Zachary",2
US001,LX040,"Johnson,Ronald",3
US001,CZ015,"Hughes,Ruth",3
US001,IU498,"Davis,Kevin",2
US001,IT039,"Fisher,Thomas",2
US001,PD556,"Weaver,Robert",3
US001,KO388,"Dyer,Dylan",2
US001,KS839,"Delacruz,Joshua",2
US001,SX542,"Hammond,Cynthia",2
US001,QS021,"Fletcher,Douglas",2
US001,YN963,"Johnson,Christine",2
US001,MJ215,"Fuentes,Lisa",3
US001,UV089,"Simmons,Elizabeth",3
US001,UX583,"Barr,Andrea",2
US001,HO873,"Jones,Timothy",1
US001,FO481,"Carrillo,Mark",3
US001,NV642,"Moore,Brenda",1
US001,IH836,"Leonard,Julia",3
US001,OE414,"Miller,Richard",3
US001,YO353,"Stone,Anthony",3
US001,NM556,"Tate,Ronald",3
US001,LC389,"Williams,Kyle",2
US001,KJ259,"Phillips,Sandra",3
US001,XS074,"Allen,Denise",3
US001,BM935,"Evans,Roger",2
US001,XI977,"Smith,Pamela",2
US001,RF658,"Sampson,Terry",2
US001,WX952,"Davidson,Edward",2
US001,ZC808,"Johnson,Robert",3
US001,VR478,"Henderson,Laura",3
US001,RW984,"Jacobs,Maria",3
US001,GX540,"Hernandez,Michelle",2
US001,UZ599,"Perez,Theresa",3
US001,QI821,"Dotson,Joseph",2
US001,PD267,"Little,Jacqueline",2
US001,OI380,"Cherry,Justin",2
US001,IU900,"Hernandez,Jack",3
US001,XD281,"Carver,Christian",2
US001,DR188,"Perez,James",2
US001,WS202,"Thomas,Mark",2
US001,VU482,"Johnson,Samuel",3
US001,PK890,"Cox,Brandon",2
US001,JG972,"Sanchez,Donald",2
US001,ZV844,"Rivas,George",2
US001,FH021,"Russo,Deborah",1
US001,MN059,"Stevens,Elizabeth",3
US001,DT292,"Wilson,Linda",2
US001,OY343,"Cole,Christopher",1
US001,VW561,"Stephens,Jordan",3
US001,IQ797,"Webster,Rebecca",2
US001,SQ008,"Smith,Donna",2
US001,HH125,"Young,Dylan",2
US001,EW609,"Dodson,Katherine",2
US001,JK922,"Rogers,Anna",2
US001,DI968,"Chase,Linda",3
US001,KC928,"Williams,Jordan",2
US001,VV766,"Dominguez,Mary",3
US001,XK655,"Roberson,Anthony",1
US001,RU745,"Mills,Steven",2
US001,HG903,"Edwards,Victoria",2
US001,DM254,"Bailey,Louis",2
US001,CS637,"Hamilton,Linda",2
US001,OW807,"Mccarthy,Raymond",1
US001,GK322,"Vargas,Benjamin",3
US001,HY850,"Miller,Lisa",2
US001,MY251,"Phelps,John",3
US001,DT357,"Brewer,Richard",2
US001,XG417,"Stewart,Christopher",3
US001,UC464,"Peterson,Amanda",2
US001,UA578,"Howard,Robert",2
US001,ZR476,"Monroe,Ryan",1
US001,YE823,"Brooks,Daniel",2
US001,ZZ390,"Mccormick,Jack",1
US001,SQ560,"Bowman,Cynthia",2
US001,IR095,"Lowe,Steven",2
US001,ZP810,"Goodwin,William",1
US001,NX681,"Evans,Donald",3
US001,QN520,"Dunn,Steven",2
US001,XP915,"Butler,Maria",2
US001,KU881,"Chavez,Mary",3
US001,FU798,"Stokes,Nancy",3
US001,IX578,"Parker,Thomas",3
US001,VA913,"Roberts,John",3
US001,TF343,"Hernandez,Christian",2
US001,KS618,"Crawford,Shirley",3
US001,SJ546,"Clark,Kathleen",3
US001,HG495,"Davis,Gary",2
US001,CQ239,"Guy,Diane",2
US001,WZ923,"Robinson,Gloria",3
US001,WU698,"Wagner,Carolyn",2
US001,LP527,"Taylor,Nathan",2
US001,KK518,"Carroll,Barbara",3
US001,YH033,"Watson,Karen",2
US001,AX965,"Brewer,Kathleen",3
US001,TO505,"Salinas,Henry",2
US001,JC594,"Gomez,Kenneth",2
US001,TB742,"Fitzgerald,Randy",3
US001,US598,"Hall,Barbara",3
US001,ZK675,"Perkins,John",3
US001,GP453,"Sanders,Beverly",2
US001,TG207,"Mckinney,Patricia",3
US001,SP763,"Martinez,William",2
US001,WS690,"Brown,Eric",2
US001,WB941,"Mcdowell,Kathleen",2
US001,UU975,"Clark,Raymond",2
US001,AR064,"Jones,Paul",2
US001,FU687,"Smith,Alexander",2
US001,MV297,"Barnett,Gabriel",3
US001,BQ430,"Ingram,Joseph",2
US001,JD043,"Hurley,Linda",3
US001,QQ746,"Francis,Lauren",2
US001,OY777,"Small,Joseph",2
US001,MV753,"Quinn,Helen",2
US001,FN253,"Sykes,Gabriel",3
US001,BH265,"Suarez,Diane",3
US001,LJ526,"Johnson,Alexander",2
US001,AF467,"Wong,David",2
US001,KV892,"Foster,John",3
US001,UM085,"Williamson,Robert",2
US001,DL940,"Buchanan,Brian",3
US001,OC182,"Anderson,Christopher",2
US001,MI630,"Tyler,Joseph",2
US001,RH196,"Johnson,Brian",2
US001,VF458,"Collins,Deborah",2
US001,BB663,"Cox,Eric",2
US001,SU930,"Andrews,Deborah",2
US001,GE898,"Murray,Kenneth",2
US001,KC943,"Le,Joseph",2
US001,GE975,"Newton,Joseph",3
US001,IS142,"Shaffer,Michael",3
US001,XT040,"Rojas,Joyce",3
US001,MP437,"Richardson,Wayne",1
US001,SI076,"Mercado,Samantha",2
US001,NU771,"Bradley,Paul",1
US001,BN774,"Baker,Christine",2
US001,ZY889,"Wright,Matthew",3
US001,MG466,"Bridges,Christina",3
US001,LF186,"Jackson,Timothy",3
US001,WD337,"Delgado,Samantha",3
US001,RJ782,"Jones,Zachary",2
US001,ME511,"Harper,James",3
US001,JV755,"Barnett,Dorothy",3
US001,XA465,"Meyer,Alan",3
US001,TD379,"Miller,Mary",2
US001,BC980,"Pope,Lisa",2
US001,IV106,"Klein,Zachary",2
US001,SC414,"Lewis,Carl",2
US001,DP181,"Lopez,Christopher",2
US001,JU860,"Washington,Adam",2
US001,CV235,"Mcbride,Gerald",3
US001,CU983,"Hill,Brian",3
US001,NQ565,"Navarro,Robert",3
US001,FM108,"Tanner,Barbara",3
US001,MK680,"Chen,Harold",3
US001,RV329,"Green,James",3
US001,JX491,"Wood,Julia",1
US001,ZK981,"Campbell,Thomas",1
US001,AG750,"Mercer,Hannah",1
US001,XL821,"Hall,Anthony",2
US001,CA337,"Hughes,Deborah",2
US001,GF090,"Freeman,Karen",2
US001,JH038,"Moore,Cynthia",2
US001,QS689,"Lopez,Samantha",2
US001,FQ870,"Riley,Catherine",3
US001,NY931,"Moore,Gregory",3
US001,XW543,"Brown,George",2
US001,GA535,"Taylor,John",2
US001,OP213,"Armstrong,Roger",3
US001,GZ128,"Johnson,Bruce",2
US001,BP977,"Massey,Richard",3
US001,TA747,"Berry,Olivia",2
US001,VS932,"Cole,Daniel",2
US001,MC038,"Smith,Matthew",2
US001,CS475,"Davis,Alan",2
US001,OL432,"Schultz,Karen",3
US001,TQ992,"Martinez,Brian",2
US001,KW393,"Gibbs,Michael",3
US001,AB537,"Daugherty,Robert",2
US001,QX055,"Turner,David",1
US001,BJ966,"Torres,Dorothy",1
US001,MV644,"Luna,Mary",3
US001,QY246,"Mckinney,Michael",2
US001,NY163,"Pope,Judy",3
US001,JM156,"Pittman,Christopher",3
US001,GS555,"Suarez,Gregory",3
US001,YJ150,"Stout,Donna",2
US001,NZ652,"Fox,Michael",2
US001,UU347,"Morrison,Amanda",2
US001,YR314,"Pittman,Robert",2
US001,XE676,"Gray,Alice",3
US001,AQ874,"Carter,Barbara",2
US001,MD439,"Watkins,John",2
US001,WA236,"Myers,Jack",3
US001,RG291,"Turner,Diane",3
US001,ZQ530,"Cox,Patrick",3
US001,TE017,"Preston,Robert",2
US001,YF219,"Brown,Ronald",2
US001,MN362,"Ortiz,Russell",2
US001,II404,"Jennings,Thomas",3
US001,MJ237,"Dawson,Angela",3
US001,PI627,"Sosa,William",2
US001,FG385,"Vincent,William",2
US001,TL844,"Hurst,Joyce",2
US001,VK516,"Griffin,Barbara",3
US001,LB968,"Wright,Kathryn",2
US001,VM187,"Mcclure,John",3
US001,OM366,"Keller,Jeffrey",1
US001,HN132,"Davis,Thomas",2
US001,HV058,"Hawkins,Dennis",3
US001,IG595,"Morgan,Janet",2
US001,JG838,"Mendoza,Larry",3
US001,RG637,"Schneider,Mary",2
US001,EK216,"Roberts,John",2
US001,QC568,"Dunn,Melissa",2
US001,EI931,"Carr,Elizabeth",3
US001,LW505,"Martin,Michael",2
US001,FO599,"Burgess,Robert",2
US001,DC133,"Howard,James",1
US001,IC593,"Gay,Grace",2
US001,AQ637,"Walker,Thomas",1
US001,QY846,"Martin,Frank",3
US001,TX270,"Marquez,David",2
US001,OB802,"Booth,Rebecca",2
US001,KX376,"Phillips,Mary",3
US001,RU198,"Obrien,Richard",2
US001,NX610,"Rice,Michael",3
US001,SX315,"Simmons,Sandra",2
US001,EO197,"Castro,Sandra",2
US001,NA733,"Torres,Edward",2
US001,WM015,"Hayes,Natalie",2
US001,JG524,"Bailey,John",2
US001,AP339,"Wright,Katherine",2
US001,RI238,"Snyder,Megan",2
US001,MC692,"Berger,David",3
US001,ZF084,"Todd,Alexis",3
US001,RC361,"Williams,Sarah",2
US001,BH745,"Mccormick,Laura",3
US001,NE217,"Singleton,Christopher",2
US001,XM238,"Mitchell,James",2
US001,GM770,"Adams,Joyce",3
US001,LJ575,"Curtis,William",3
US001,FA776,"Barrett,Evelyn",3
US001,RO964,"King,Sophia",3
US001,JN251,"Warren,John",2
US001,ML880,"Gonzalez,Carl",2
US001,AQ970,"Burnett,Mary",2
US001,BU441,"Russell,Cynthia",2
US001,MW527,"Ramos,Brian",2
US001,ZP781,"Bennett,Kelly",3
US001,CF534,"Hall,Margaret",3
US001,LD523,"Mitchell,Cheryl",2
US001,TP104,"Young,Judith",3
US001,JR157,"Price,Johnny",3
US001,HZ423,"Adams,Peter",2
US001,BP423,"Wallace,Ronald",3
US001,BC721,"Mathews,Gregory",3
US001,XH374,"Kemp,Anthony",2
US001,DN363,"Robinson,Elizabeth",2
US001,MA541,"Alexander,Adam",3
US001,JV624,"Wyatt,Amy",3
US001,RV101,"White,Michael",3
US001,PQ794,"Reid,James",2
US001,JY501,"Stewart,Julia",3
US001,CF094,"Brown,Larry",3
US001,QR820,"Hernandez,Betty",2
US001,RJ605,"Castillo,Harold",3
US001,MV782,"Randall,Gregory",2
US001,GM336,"Sims,Matthew",2
US001,JJ627,"Perez,Alexander",3
US001,QS794,"Sanchez,Angela",2
US001,YE555,"Holman,John",3
US001,RZ341,"Jackson,David",3
US001,WC263,"Collins,Joan",2
US001,HT438,"Sullivan,William",2
US001,LA600,"Washington,Cynthia",2
US001,EO844,"Reed,Jean",2
US001,EZ247,"Ray,Michael",2
US001,QA132,"Evans,Joshua",3
US001,ZG899,"Wood,Terry",2
US001,YU205,"Kirkland,Jeremy",2
US001,DR695,"Ballard,James",2
US001,UI445,"Rivas,Linda",3
US001,VH941,"Green,Christopher",2
US001,MO178,"Diaz,James",1
US001,JG076,"Clark,James",3
US001,PL946,"Davis,Karen",2
US001,AM277,"Wilson,Richard",1
US001,JN285,"Alston,Michael",3
US001,EM059,"Pickett,Larry",2
US001,QX426,"Campbell,David",3
US001,EE012,"Ball,Rose",3
US001,GZ004,"Cannon,Lisa",3
US001,ST143,"Robinson,Robert",3
US001,RA949,"Bennett,Diana",2
US001,QY994,"Turner,Patrick",2
US001,KG357,"Valdez,Richard",2
US001,CO259,"Goodwin,Douglas",1
US001,IO912,"Hale,Heather",2
US001,ZR538,"Phillips,Kelly",2
US001,YG449,"Pena,Christine",1
US001,UE801,"Taylor,Robert",2
US001,TP862,"Lara,Julia",2
US001,OV423,"Blackwell,Jeffrey",1
US001,IE339,"Humphrey,Linda",2
US001,EB061,"Ferguson,Jennifer",2
US001,DT869,"Walton,Ann",3
US001,HJ427,"Garrison,Frank",3
US001,MT794,"Monroe,Betty",2
US001,BY762,"Griffin,Shirley",3
US001,DK720,"Butler,Mary",2
US001,AR763,"Farley,Deborah",3
US001,MF172,"Cross,Richard",2
US001,LX220,"Kelly,Ruth",3
US001,PZ339,"Ramirez,Abigail",3
US001,NC130,"Ferguson,Donna",3
US001,UF720,"Guerrero,James",2
US001,EG664,"Cook,Thomas",2
US001,VO207,"Patterson,Beverly",2
US001,ZB850,"Long,Patricia",2
US001,NW659,"Hernandez,Gregory",3
US001,OR492,"Caldwell,Jordan",2
US001,IT527,"Kelly,Margaret",2
US001,YF292,"Stevens,Theresa",2
US001,ZE042,"Gould,Robert",3
US001,VJ951,"Rodriguez,Robert",2
US001,MI032,"Burks,Karen",2
US001,EF162,"Miller,Frances",3
US001,QV714,"Vega,Denise",2
US001,WZ396,"Cole,Daniel",3
US001,EP516,"Walker,Jacqueline",3
US001,DA296,"Marquez,Betty",2
US001,QQ316,"Harris,James",3
US001,VA137,"Warren,James",2
US001,RE708,"Walker,Vincent",3
US001,NY904,"Ramirez,Matthew",3
US001,NK380,"Gray,James",3
US001,YV537,"Oneil,Ruth",2
US001,SB850,"Vance,George",2
US001,CU158,"Tyler,Anthony",2
US001,LW601,"Hall,Johnny",3
US001,LF583,"White,David",3
US001,AH431,"Herman,Samantha",1
US001,OH722,"Riley,Robert",2
US001,IP398,"Shelton,Mary",3
US001,EM288,"Barrett,John",3
US001,GY563,"Duncan,Elizabeth",2
US001,KY432,"Brewer,Charlotte",2
US001,HC676,"Haynes,Heather",3
US001,MJ493,"Lopez,Emily",3
US001,GS563,"Jones,Mary",1
US001,VJ551,"Thomas,Sarah",2
US001,VT214,"Brooks,Helen",2
US001,PN604,"Odonnell,Lawrence",2
US001,OW238,"Scott,Evelyn",2
US001,FT004,"Scott,Michael",2
US001,JC475,"Wright,Mark",2
US001,HH410,"Johnson,Thomas",3
US001,TS906,"Jones,Kimberly",2
US001,MZ879,"Wong,John",2
US001,OW846,"Sharp,Jason",2
US001,YM512,"Rodriquez,William",3
US001,BE269,"Britt,Linda",3
US001,JJ572,"Rodriguez,Paul",2
US001,KH125,"Gentry,Joseph",3
US001,GP468,"Brown,Christopher",2
US001,IC371,"Bryant,Dylan",2
US001,WV479,"Lawson,George",3
US001,LM911,"Ware,Douglas",3
US001,NL209,"Taylor,Kevin",1
US001,NL267,"Griffith,Lisa",2
US001,NX146,"Butler,Robert",1
US001,NS113,"Goodman,Bradley",3
US001,GW695,"Glass,Alexander",3
US001,QZ930,"Johnston,Eric",2
US001,QW394,"Albert,Barbara",2
US001,YD287,"Wilder,Charles",3
US001,LS797,"Mcknight,Tyler",2
US001,SE301,"Wilkins,Gregory",2
US001,KN784,"Williams,Michael",1
US001,LA609,"Ramirez,Barbara",2
US001,HV306,"Andrews,Robert",2
US001,SV769,"Nelson,Thomas",2
US001,RP532,"Thomas,Christine",1
US001,GL718,"English,Catherine",2
US001,HD144,"Weber,Brandon",2
US001,VI567,"Howell,Jeffrey",2
US001,OI357,"Puckett,Robert",3
US001,EG439,"Davidson,Zachary",2
US001,JN591,"Ramsey,Mark",2
US001,PJ793,"Lyons,Grace",2
US001,KP402,"Rodriguez,Michael",2
US001,VI554,"Brown,Julie",2
US001,MK243,"Johnson,David",3
US001,KY647,"Rodriguez,Kathleen",3
US001,YR259,"Hines,Juan",3
US001,HK525,"Lambert,Timothy",1
US001,ME212,"Wolfe,William",3
US001,JP534,"Moore,Brian",2
US001,VS507,"Jackson,John",3
US001,DB835,"Tucker,William",3
US001,FS912,"Lopez,Danielle",2
US001,GO638,"Pearson,Mary",2
US001,YS058,"Mckenzie,Edward",2
US001,HC688,"Williams,Richard",2
US001,JC717,"Summers,Roger",3
US001,KB320,"Chapman,David",2
US001,IC815,"Evans,Catherine",2
US001,TC192,"Hernandez,Donald",2
US001,EG427,"Stewart,Donald",2
US001,QH916,"King,Keith",3
US001,AU518,"Stewart,Anthony",3
US001,HY538,"Johnson,Benjamin",2
US001,UC956,"Ramirez,Lawrence",2
US001,RT017,"Carrillo,Nicholas",2
US001,PL434,"Cruz,Peter",3
US001,JU077,"Moore,Eugene",3
US001,ZA301,"Ferguson,Thomas",2
US001,TN249,"Sherman,Robert",3
US001,ZQ888,"Franklin,James",2
US001,QA548,"Mcdonald,Louis",1
US001,LE867,"Gutierrez,Sandra",3
US001,BL454,"Young,George",2
US001,UI444,"Rivers,Robert",2
US001,OR691,"Harris,Angela",2
US001,YJ029,"Johnston,Richard",2
US001,PF460,"Calderon,Susan",2
US001,RY487,"Thomas,Douglas",2
US001,EO539,"Hill,Michael",3
US001,BF549,"Ryan,Larry",3
US001,BZ358,"Barnes,John",3
US001,CR300,"Carter,Theresa",3
US001,DC010,"Morrison,Richard",2
US001,CH324,"Allen,Charles",3
US001,JM024,"Houston,Terry",2
US001,WN188,"Gibson,Ryan",2
US001,JT452,"Riley,Rebecca",3
US001,JM649,"Baker,John",2
US001,KY605,"Owen,Amber",3
US001,QB567,"Ferguson,Joseph",2
US001,YP977,"Taylor,Rachel",3
US001,OZ015,"Rivera,Kyle",3
US001,JE338,"Jones,Carolyn",3
US001,PX795,"Warner,Paul",3
US001,NB786,"Haynes,Victoria",2
US001,PY727,"Lamb,William",3
US001,TL705,"Moore,Rose",3
US001,FX797,"Rollins,Michael",3
US001,FJ134,"Hale,Linda",3
US001,DL600,"Santos,Angela",1
US001,SO573,"Arnold,Carol",2
US001,HB553,"Love,Abigail",3
US001,CB858,"Gutierrez,Michael",2
US001,RP580,"Brown,Mary",1
US001,JA880,"Finley,Beverly",3
US001,WO075,"James,Jason",3
US001,TJ312,"Morgan,Christopher",2
US001,LB941,"Norris,Robert",3
US001,MX620,"Sanders,Eric",3
US001,BZ911,"Fisher,Mary",3
US001,UN216,"Ross,Carolyn",2
US001,VU768,"Stephens,Noah",2
US001,QX411,"Fry,David",3
US001,QP557,"Davis,Charles",2
US001,FI355,"Davis,Amy",2
US001,ZE638,"Allen,Joe",2
US001,GB003,"Higgins,Sandra",2
US001,MR761,"Flores,Olivia",3
US001,YI166,"Roth,John",2
US001,SF728,"Warren,Christina",2
US001,SD395,"Pruitt,Joshua",3
US001,DI639,"Myers,Richard",3
US001,IW707,"Carney,Sharon",2
US001,TP490,"Walters,Rachel",2
US001,UU096,"Sanford,James",2
US001,HM050,"Jennings,Julie",3
US001,DT265,"Mccall,Robert",1
US001,BY319,"Wiley,James",2
US001,CZ861,"Terry,Jessica",2
US001,IK910,"Reese,George",2
US001,VV850,"Santiago,Jonathan",2
US001,YJ295,"Lott,Sharon",3
US001,OT432,"Collins,Richard",2
US001,QB695,"Espinoza,Teresa",2
US001,KY636,"Snow,Aaron",2
US001,RZ799,"Strong,Rose",3
US001,QS546,"Gates,Jason",1
US001,ZN644,"Whitehead,Robert",2
US001,KD788,"Pena,Kevin",3
US001,XB357,"Ramirez,Linda",3
US001,XE747,"Gilbert,David",2
US001,LI464,"Rivera,Robert",3
US001,LI470,"Brown,Madison",3
US001,QY948,"Cunningham,Christina",2
US001,NQ962,"Harris,Gary",2
US001,WN264,"Phillips,Timothy",3
US001,EU538,"Pennington,Kevin",2
US001,MF001,"Reyes,Teresa",3
US001,AX610,"Washington,Lauren",2
US001,SK615,"Tyler,Sandra",2
US001,FA630,"Stanley,Eric",1
US001,BX529,"Boyd,Joshua",3
US001,SI096,"Steele,Ann",2
US001,ZR818,"Ware,Johnny",2
US001,KG083,"Mcpherson,Jesse",2
US001,TW018,"Boyd,Gloria",1
US001,ZH413,"Smith,Robert",2
US001,JM620,"Garza,Kimberly",3
US001,EP810,"Collins,Ralph",3
US001,HV962,"Velasquez,Ronald",2
US001,XQ627,"Adams,Bryan",2
US001,OC883,"Singleton,Kevin",2
US001,UJ191,"Hill,Bobby",3
US001,VA310,"Garcia,Jack",3
US001,WO543,"Anderson,Willie",3
US001,CJ820,"Lindsey,Timothy",2
US001,RE926,"Chambers,Sarah",3
US001,UU193,"Townsend,Patrick",3
US001,AL276,"Brown,Jose",2
US001,UV152,"Washington,Stephanie",2
US001,PN395,"Zimmerman,Danielle",3
US001,EQ826,"Ford,Mark",2
US001,BB587,"Terrell,David",3
US001,HP292,"Stout,Linda",2
US001,RW118,"Chase,Heather",2
US001,WM525,"Scott,James",2
US001,TQ371,"Hart,Scott",3
US001,CX595,"Brown,Tyler",2
US001,ZH093,"Williamson,Roy",2
US001,QN551,"Perez,Donna",2
US001,OX648,"Rivera,Amy",2
US001,FV306,"Wilson,Karen",2
US001,YY735,"Morgan,John",3
US001,JI136,"Lee,Emily",3
US001,QP881,"Mitchell,Ethan",3
US001,DU842,"Thompson,Betty",3
US001,XZ816,"Henderson,Amy",3
US001,GM082,"Browning,Sharon",3
US001,KL807,"Hudson,Catherine",3
US001,FR749,"Murray,Nancy",2
US001,BJ200,"Kramer,Nancy",3
US001,OG493,"Whitaker,Mary",3
US001,AF000,"Alvarez,Logan",2
US001,LZ162,"Baker,Anthony",3
US001,TJ364,"Alford,Barbara",3
US001,OH598,"Castaneda,Peter",2
US001,JL006,"Horn,Christina",2
US001,JA131,"Rice,Joshua",2
US001,VC938,"Mcclure,James",1
US001,AS493,"Edwards,Kenneth",3
US001,ZN274,"Valdez,Shirley",3
US001,RQ602,"Montgomery,Deborah",2
US001,BC814,"Cruz,Michael",3
US001,DX618,"Gallagher,Jason",3
US001,AS834,"Burton,Michael",3
US001,SD945,"Wheeler,Andrea",2
US001,EG790,"Eaton,Juan",3
US001,DB780,"Evans,John",3
US001,MZ992,"Walker,William",3
US001,LJ844,"Snyder,Benjamin",3
US001,KG441,"Holman,Karen",2
US001,IF552,"Ellis,Amanda",2
US001,RW513,"Hopkins,Hannah",1
US001,NH496,"Hooper,Nancy",2
US001,EL104,"Brennan,Jesse",1
US001,ZS770,"Luna,Patricia",3
US001,DE455,"Strickland,Timothy",2
US001,KV481,"Thompson,Eric",2
US001,CR635,"Alston,Dorothy",1
US001,DT242,"Rodriquez,Ann",2
US001,BK459,"Owens,David",1
US001,UK857,"Hill,David",2
US001,AC832,"Rodriquez,Mark",2
US001,HZ247,"Ramsey,Kenneth",3
US001,WK041,"Wallace,Philip",3
US001,WP939,"Franklin,Christopher",2
US001,ST922,"Hughes,Richard",3
US001,AL128,"Gutierrez,Lisa",1
US001,LV991,"Brown,Judith",2
US001,JZ883,"Pruitt,Linda",2
US001,HM972,"Hill,Michael",3
US001,UH167,"Phillips,Megan",2
US001,JL770,"Wheeler,Lauren",3
US001,HS476,"Horton,Andrea",3
US001,AB206,"Griffin,Edward",2
US001,XF020,"Burch,Bobby",2
US001,HC320,"Cooper,Robert",2
US001,UU871,"Sanchez,Wayne",3
US001,PQ760,"Everett,Lauren",3
US001,AJ291,"Garcia,Hannah",3
US001,QV940,"Howard,Albert",2
US001,XA591,"Wagner,Willie",2
US001,ZA258,"Adkins,Patricia",2
US001,HA931,"White,Joan",1
US001,DV353,"Perez,Katherine",2
US001,WQ566,"Freeman,Rachel",2
US001,YN793,"Rogers,John",2
US001,WM267,"Robertson,Helen",2
US001,ZC061,"Sampson,Megan",2
US001,SJ345,"Wilson,Kenneth",3
US001,UV640,"Fisher,Robert",1
US001,KH000,"Burke,Robert",2
US001,AA374,"Gardner,Ethan",3
US001,MY028,"Wilson,William",2
US001,QM872,"Johnson,Marilyn",3
US001,RD221,"Moore,Austin",3
US001,AN249,"Miller,Steven",3
US001,KC784,"House,Michael",3
US001,UK521,"Harris,Robert",1
US001,AV821,"Curtis,Melissa",2
US001,OX204,"Wood,Anthony",2
US001,AK512,"Bowen,George",2
US001,PU735,"Rosario,Paul",2
US001,YD028,"Maddox,Mark",2
US001,KZ848,"Collins,Timothy",3
US001,WI070,"Horton,Robert",1
US001,HU489,"Crawford,Matthew",3
US001,JG005,"Witt,Brenda",3
US001,FU313,"Bowers,Timothy",2
US001,NL548,"Mercer,Karen",3
US001,PX399,"Perez,David",2
US001,SX183,"White,Michael",2
US001,UG133,"Wyatt,George",3
US001,ZB322,"Le,Matthew",1
US001,CE759,"Rivera,Scott",2
US001,ZY405,"Francis,Michelle",3
US001,FJ486,"Jones,Matthew",2
US001,OQ177,"King,Lauren",2
US001,IZ942,"Mcneil,Linda",1
US001,PM431,"May,Kathryn",1
US001,ZF060,"Cooley,Ryan",3
US001,XH815,"Martinez,Daniel",2
US001,NY949,"Robinson,Megan",3
US001,UV340,"Scott,John",1
US001,MY543,"Martin,Nancy",1
US001,DV677,"Johnson,Ethan",1
US001,HX971,"Cherry,Patricia",3
US001,BL374,"Wilson,Isabella",3
US001,MO804,"Fry,Patricia",1
US001,VJ414,"Carlson,Michael",3
US001,KZ111,"Roach,Donald",2
US001,HV985,"Sullivan,Robert",2
US001,NV791,"Newman,Angela",2
US001,QW064,"Gutierrez,Jennifer",2
US001,JC884,"Brock,Billy",2
US001,QC179,"Silva,Charles",2
US001,EF447,"Morris,Lisa",2
US001,TC800,"Adams,Donald",2
US001,BS090,"Hall,Maria",2
US001,UA749,"Wilson,Richard",3
US001,RK217,"Baker,Steven",2
US001,BL975,"Stokes,George",3
US001,LT442,"Walker,Paul",2
US001,MF903,"Thompson,Jennifer",3
US001,MU229,"Rice,Austin",3
US001,QA187,"Scott,Virginia",1
US001,ZJ901,"Smith,Jonathan",3
US001,IX934,"Valdez,Michael",2
US001,OR227,"Bailey,John",3
US001,FG546,"Marshall,Diana",2
US001,DM880,"Jackson,Donald",3
US001,UN842,"Cummings,Lisa",2
US001,OI324,"Casey,Mary",2
US001,HD509,"King,Frank",3
US001,XB434,"Palmer,Jacqueline",2
US001,EZ634,"Harris,Mary",3
US001,XT841,"Mack,Anthony",1
US001,KD621,"Rice,Lisa",2
US001,TE747,"Hawkins,Joshua",1
US001,QQ505,"Morgan,Alexis",2
US001,WH978,"Bryant,Mary",1
US001,DS735,"Diaz,Charles",2
US001,LU774,"Thompson,Sharon",2
US001,BQ082,"Warren,Donna",2
US001,RR551,"Hardy,Melissa",3
US001,LU232,"Horton,Daniel",2
US001,ZZ676,"Fulton,Roy",2
US001,VB067,"Lewis,Ryan",2
US001,PH860,"Mcclure,Jeremy",3
US001,MI774,"Fisher,Michael",2
US001,IW558,"Pruitt,Brandon",3
US001,QL512,"Miller,Deborah",3
US001,PB298,"Dawson,Kathryn",3
US001,LK697,"Green,Frank",2
US001,FX455,"Stewart,Joshua",2
US001,XV060,"Curry,Andrew",2
US001,GF779,"Cruz,Anthony",3
US001,FX969,"Simmons,Adam",2
US001,SR647,"Thompson,Ronald",3
US001,WZ358,"Henry,Michelle",2
US001,HX107,"Jackson,Michael",2
US001,KM650,"Nicholson,Amy",3
US001,LQ840,"Adams,Victoria",2
US001,VA478,"Webb,Jacqueline",2
US001,KZ032,"Mathews,John",3
US001,VS308,"Beck,Kyle",3
US001,WV882,"Ingram,Deborah",2
US001,JQ198,"White,Ashley",3
US001,NC992,"Horne,Diana",3
US001,CQ830,"Kennedy,Dorothy",2
US001,EP459,"Smith,John",2
US001,UE186,"Valenzuela,Sara",1
US001,FN507,"Freeman,Emma",3
US001,MC419,"Austin,James",3
US001,KI324,"Brooks,John",2
US001,TJ686,"Best,Charles",3
US001,LC198,"Pope,Robert",2
US001,CM426,"Pacheco,James",3
US001,LV074,"Spencer,Deborah",2
US001,HI163,"Ferguson,Mark",2
US001,LB424,"Hogan,Dorothy",3
US001,WG366,"Anderson,Adam",3
US001,MB368,"Daniel,Donald",3
US001,PZ064,"Oneal,Jason",2
US001,ZW684,"Nash,John",1
US001,JJ537,"Rivera,William",3
US001,AZ269,"Thompson,Robert",1
US001,MR512,"Lester,Katherine",2
US001,LU647,"Johnston,Teresa",2
US001,SY526,"Whitehead,Russell",2
US001,EB743,"Graham,Ronald",1
US001,SH430,"Solis,Brian",3
US001,OM454,"Smith,Emily",2
US001,OL604,"Chavez,James",3
US001,CQ178,"Griffith,Angela",3
US001,PF663,"Jackson,Lisa",3
US001,NQ431,"Hardy,Raymond",3
US001,HU423,"Williams,Brian",3
US001,DE309,"Figueroa,Justin",3
US001,CV101,"Bowman,Adam",2
US001,KG010,"Fitzpatrick,George",3
US001,ZE065,"Merritt,Richard",2
US001,NN731,"Long,John",2
US001,FD594,"Wright,Christopher",3
US001,JU370,"Richardson,Elizabeth",2
US001,IJ006,"Marshall,Mary",2
US001,LJ522,"Long,Richard",2
US001,AE556,"Robertson,Anthony",3
US001,VO849,"Drake,Joan",2
US001,TL692,"Taylor,Emily",3
US001,CU425,"Richardson,Heather",3
US001,II562,"Moore,Johnny",1
US001,BA783,"Contreras,Zachary",2
US001,EF050,"Wade,James",2
US001,XQ651,"Campbell,Michael",2
US001,CJ500,"Rodgers,Rachel",3
US001,TN255,"Vargas,Thomas",2
US001,HC796,"Williams,Doris",2
US001,GI361,"Sexton,Richard",2
US001,CV411,"Woods,Wayne",3
US001,JG612,"Horton,Willie",2
US001,BO545,"Beck,Michael",3
US001,QN835,"Delacruz,Andrea",2
US001,CM203,"Dunn,Robert",3
US001,AO508,"Phillips,Donald",3
US001,AL531,"Williams,Sara",2
US001,KG248,"Scott,Dorothy",1
US001,WL573,"Walker,Christian",2
US001,OB791,"Chambers,Matthew",2
US001,EN916,"Jones,Alexis",2
US001,ST154,"Pittman,Mary",1
US001,XN483,"Carter,Bradley",2
US001,MS857,"Thompson,Janice",2
US001,ZT979,"Armstrong,Cynthia",2
US001,YE899,"Wolfe,Larry",2
US001,JF178,"Harris,Susan",3
US001,FV121,"Porter,Matthew",2
US001,LS228,"Roberts,Gregory",1
US001,KI254,"May,Michael",1
US001,UG637,"Burns,Matthew",2
US001,HX879,"Ingram,Rachel",3
US001,JL465,"Cook,Kayla",2
US001,CB521,"Wilson,Timothy",2
US001,EU814,"Chapman,Charles",2
US001,IT962,"Fitzgerald,Larry",2
US001,DI085,"Bell,Brian",2
US001,QS530,"Morgan,Emma",3
US001,PP337,"Reese,Ruth",2
US001,BX143,"Hood,Lisa",3
US001,MM543,"Silva,Denise",2
US001,SE009,"Wright,Donna",3
US001,AD218,"Salas,Margaret",1
US001,WT634,"Ellis,Karen",3
US001,OS354,"Gray,Elizabeth",3
US001,BZ619,"Fletcher,Timothy",3
US001,IB743,"Roberson,Kenneth",2
US001,XX559,"Henderson,William",1
US001,RF911,"Lee,Kathryn",3
US001,HD171,"Hogan,Donald",3
US001,RM359,"Johnson,Donald",2
US001,JD802,"Taylor,Robert",3
US001,MY068,"Schwartz,William",2
US001,WH152,"Richard,William",2
US001,DH449,"Thompson,David",2
US001,KE119,"Jones,Austin",3
US001,XS717,"Bryan,Shirley",3
US001,MM992,"Savage,Louis",3
US001,FP392,"Cox,Heather",3
US001,DA337,"Matthews,Nancy",3
US001,IF661,"Cardenas,Sara",3
US001,YP377,"Ruiz,Gary",3
US001,CZ560,"Fletcher,Arthur",3
US001,JG926,"Gates,James",2
US001,ZR087,"Gomez,Matthew",2
US001,QR061,"Tucker,Charles",2
US001,AK990,"Ramsey,Thomas",2
US001,RL034,"Miller,Benjamin",2
US001,QW973,"Cameron,Matthew",2
US001,HV490,"Guerra,James",2
US001,KS359,"Harvey,Lisa",2
US001,VX906,"Campbell,Mark",3
US001,MR883,"May,Christopher",2
US001,AM031,"Sanford,Daniel",2
US001,OY622,"Reid,Susan",3
US001,EW943,"Morton,Abigail",2
US001,QB278,"Baird,Michael",2
US001,IL401,"Perez,Michael",1
US001,UJ157,"Adams,Deborah",2
US001,DH901,"Park,Christian",3
US001,NC680,"Berg,Kenneth",1
US001,HJ437,"Moore,Christopher",2
US001,AK939,"Rodriguez,Susan",3
US001,IG371,"Combs,Gary",3
US001,JR470,"Rivera,Walter",2
US001,SJ106,"Smith,Michael",3
US001,YN426,"Rogers,Mary",3
US001,RM611,"Lewis,Edward",3
US001,OU730,"Davidson,David",3
US001,OL391,"Torres,Jack",3
US001,VM372,"Green,Virginia",2
US001,NL780,"Morrison,James",1
US001,PD951,"Harmon,Amber",3
US001,IF171,"Douglas,Joshua",3
US001,RA457,"Davidson,Nicole",2
US001,BF717,"Anderson,Bruce",3
US001,KP675,"Holman,Teresa",2
US001,EC767,"Payne,Matthew",2
US001,EM366,"Hudson,Catherine",3
US001,HW698,"Sampson,Donald",2
US001,BO735,"Gonzalez,Lauren",3
US001,BH286,"Hill,Thomas",2
US001,RP082,"Cross,David",2
US001,SB578,"Neal,Daniel",3
US001,AI014,"Ward,Brandon",3
US001,TZ532,"Reed,Zachary",3
US001,TW822,"Morales,Donald",3
US001,JB321,"Smith,Sara",2
US001,LQ359,"Peterson,Margaret",2
US001,KF451,"Booker,Steven",2
US001,EN084,"Taylor,Catherine",2
US001,IQ288,"Meyers,Brian",2
US001,RP335,"Dickson,Karen",2
US001,PW431,"Ramirez,Olivia",2
US001,OE951,"Chavez,Donald",2
US001,WG980,"James,Megan",2
US001,VC164,"Gomez,James",2
US001,AM740,"Fisher,Jacob",2
US001,TM336,"Perry,Daniel",2
US001,WO160,"York,Robert",3
US001,LJ243,"Washington,Dorothy",2
US001,OM892,"Martin,William",3
US001,PH566,"Farley,Janet",2
US001,BK516,"Mcdonald,Sandra",3
US001,GH225,"Stokes,Anthony",2
US001,KQ246,"Cox,Charles",2
US001,XD043,"Green,Ryan",2
US001,WV159,"Bennett,Matthew",2
US001,GS375,"Henry,Ronald",3
US001,ZD915,"Harris,Pamela",1
US001,LP190,"Reid,Samantha",3
US001,DH956,"French,Gregory",3
US001,OQ367,"Joseph,Bobby",3
US001,ZQ139,"Taylor,Brandon",1
US001,AH575,"Bolton,Diana",2
US001,IJ971,"Hicks,Kevin",2
US001,PY614,"Henderson,Susan",2
US001,AU940,"Estrada,Gary",1
US001,TG221,"Kelly,Amanda",2
US001,EZ945,"Stewart,William",1
US001,QM237,"Ewing,William",1
US001,YP468,"Thompson,Susan",2
US001,MS934,"Jones,Mary",2
US001,XU854,"Baxter,Gabriel",2
US001,OS318,"Dennis,Mary",3
US001,KN401,"Ramirez,Joyce",2
US001,XR734,"Strickland,Thomas",3
US001,IX797,"Rivera,George",2
US001,GU884,"Garrett,Ryan",2
US001,XI958,"Sharp,Nancy",3
US001,BO116,"Head,Rose",1
US001,JM239,"Humphrey,Barbara",3
US001,TE844,"Dunn,Michael",3
US001,OH690,"Miller,Andrea",3
US001,KP468,"Black,Mary",2
US001,HE147,"Davis,Terry",2
US001,CQ692,"Elliott,Jessica",2
US001,YN863,"Donaldson,Timothy",2
US001,QG426,"Pena,Daniel",3
US001,RQ135,"Warren,Daniel",3
US001,RD184,"Mendez,Harold",2
US001,QY731,"Anderson,Frank",3
US001,PD408,"Schultz,Diane",2
US001,YU957,"Carr,Ronald",3
US001,QW187,"Rodriquez,Jacob",1
US001,AD129,"Andrews,Ethan",3
US001,LO002,"Hyde,Emily",2
US001,GS400,"Navarro,Diane",1
US001,MH494,"Mills,Kathleen",2
US001,MV129,"Romero,Nancy",2
US001,KX333,"Mckinney,Alan",1
US001,EH617,"Duffy,Jerry",2
US001,YV904,"Osborn,Joyce",3
US001,GZ984,"Jackson,Mark",2
US001,MN364,"Kelly,Jason",3
US001,GG568,"Graham,Elizabeth",2
US001,RP178,"Harper,Jeremy",3
US001,LZ700,"Hart,Charles",2
US001,JH142,"Jackson,Christopher",2
US001,CO733,"Davis,Sarah",3
US001,PF612,"Lee,Mary",3
US001,VL355,"Poole,Gary",2
US001,DP897,"Meadows,Lisa",3
US001,OU839,"Burns,Michael",2
US001,YD390,"Tyson,Olivia",3
US001,ZW002,"Lee,Carol",2
US001,AQ769,"Clark,Karen",3
US001,NG508,"Fulton,Mary",1
US001,GR072,"Barton,Kevin",2
US001,MY368,"Taylor,Donald",3
US001,AB379,"Kennedy,Andrea",3
US001,XN613,"Carter,Jeremy",2
US001,EV369,"Henry,Elizabeth",3
US001,LH861,"Wall,Mary",2
US001,RS315,"Odonnell,Alan",2
US001,ZN624,"Young,Amanda",2
US001,YG662,"Copeland,Dennis",2
US001,DI946,"Branch,Grace",3
US001,KL578,"Horton,Alexander",2
US001,IT322,"Montgomery,Laura",2
US001,KQ735,"Sharp,James",2
US001,TA985,"Wallace,Charles",3
US001,YJ347,"Castillo,David",2
US001,SS309,"Hart,Michael",3
US001,KK374,"Gates,Mary",2
US001,KG941,"Clark,Michelle",3
US001,VS235,"Carrillo,Stephen",2
US001,NI776,"Patton,Terry",2
US001,FT573,"Conley,Mary",2
US001,UI789,"Martin,Jose",1
US001,PY432,"Martin,Nicholas",1
US001,VM566,"Harvey,Olivia",2
US001,LV369,"Perez,Aaron",2
US001,FC238,"Schwartz,Thomas",2
US001,RO992,"Baker,Karen",2
US001,VY577,"Richard,John",3
US001,BK311,"Massey,Jacob",3
US001,IU915,"Finch,Gary",3
US001,JJ792,"Whitehead,Matthew",2
US001,DP237,"Tucker,Christian",3
US001,ZK234,"Jones,Mary",2
US001,CW588,"Daniels,Janice",3
US001,FE495,"Simon,Brian",2
US001,QO038,"Howe,Thomas",2
US001,QG194,"Taylor,Alexis",3
US001,TA677,"Holmes,James",2
US001,TM685,"Johnson,Joseph",1
US001,LW044,"Collier,Robert",2
US001,CB216,"Sanchez,John",3
US001,BR236,"Herring,Zachary",3
US001,XX100,"Buckner,Mary",2
US001,XC131,"Long,Rebecca",3
US001,YH413,"Lee,Kevin",2
US001,QX172,"Peterson,Richard",3
US001,VE718,"Short,Justin",2
US001,BY683,"Lee,Ashley",2
US001,QD637,"Owens,Shirley",2
US001,SY316,"Moore,Martha",2
US001,SK246,"Ferguson,Christopher",2
US001,OL985,"Ross,David",2
US001,LN987,"Thomas,Mark",2
US001,VE830,"Mcmillan,Keith",2
US001,MP186,"Neal,Vincent",2
US001,IU245,"Cunningham,David",2
US001,TE554,"White,Bryan",2
US001,KF998,"Gray,Linda",2
US001,HN080,"Rodriquez,John",2
US001,NB463,"Lester,Eric",2
US001,XQ676,"Jones,Richard",2
US001,TR196,"Logan,George",3
US001,HL713,"Murphy,Elizabeth",2
US001,YP271,"Norton,Harold",2
US001,NL175,"Brewer,Peter",3
US001,AL380,"Garcia,Natalie",3
US001,XE173,"Cook,Carl",3
US001,RY505,"Reyes,Lisa",3
US001,QD302,"Wagner,Michael",1
US001,OX860,"Cohen,Andrew",2
US001,QT008,"Saunders,Jerry",2
US001,FC785,"Mcmillan,Judith",1
US001,PC332,"Richmond,Alan",3
US001,NN110,"Bradley,Madison",3
US001,VG656,"Knox,Betty",2
US001,MI588,"Adkins,Joe",3
US001,PZ318,"Jennings,Thomas",3
US001,EY475,"Harris,Jordan",3
US001,EW314,"Harper,Deborah",3
US001,HE235,"Carpenter,Barbara",3
US001,ZH423,"Hill,Kayla",2
US001,XQ372,"Morin,Richard",2
US001,II029,"Johnson,Michael",3
US001,VM683,"Burns,Gary",3
US001,GF574,"Jones,Pamela",3
US001,QO312,"Hull,Eric",3
US001,IU235,"Gonzales,Bradley",2
US001,KP870,"Mcdonald,Rebecca",3
US001,GB676,"Martinez,Kenneth",3
US001,AF436,"Walker,Jose",3
US001,ZB184,"Jordan,Nicholas",2
US001,VC366,"Castaneda,David",2
US001,KG115,"Nolan,Kevin",3
US001,KW520,"Stewart,Paul",3
US001,AT950,"Sloan,Paul",3
US001,VE054,"Walsh,Julia",2
US001,ZN975,"Thompson,Gary",1
US001,CC346,"Hughes,Robert",2
US001,NJ025,"Wynn,Susan",2
US001,JU212,"Vargas,Anthony",2
US001,TP804,"Abbott,Karen",2
US001,WT822,"Moran,Carl",2
US001,MN433,"Barnes,Carol",1
US001,ZV692,"Ray,Jean",2
US001,BT479,"Smith,Ashley",2
US001,HO038,"Barton,Charles",2
US001,TJ520,"Garcia,James",2
US001,RC549,"Gilbert,Larry",2
US001,IB659,"Williamson,Sharon",3
US001,AS705,"Ayala,Dennis",1
US001,WM685,"Stevens,Frances",2
US001,AX886,"Moore,Deborah",3
US001,FC834,"Hoffman,Nicole",2
US001,PA438,"Phillips,Brandon",3
US001,ZT783,"Guerrero,Diane",2
US001,XX004,"White,George",3
US001,XW287,"Fernandez,James",2
US001,CP695,"Simmons,Brian",3
US001,NQ546,"Mccoy,Kathleen",2
US001,TD919,"Rush,Heather",3
US001,MZ541,"Scott,Stephanie",2
US001,UR263,"Thompson,Matthew",3
US001,IE205,"Stevenson,Charles",2
US001,ZW244,"Phillips,Ashley",3
US001,LI348,"Smith,Michael",2
US001,VR445,"Gilmore,Jessica",2
US001,IA790,"Mitchell,Eric",2
US001,KU256,"Clark,Robert",2
US001,KO972,"Jones,William",3
US001,BM955,"Stephenson,Kelly",3
US001,YH273,"Williams,Diane",2
US001,HV100,"Aguilar,Rachel",2
US001,NN093,"Bush,Dorothy",2
US001,HH308,"Sullivan,Susan",2
US001,KF897,"Lewis,Thomas",3
US001,IP689,"Randall,Kyle",2
US001,XE433,"Barton,Jacob",2
US001,RQ934,"Spencer,Debra",2
US001,LV691,"Dale,Margaret",3
US001,CP881,"Wheeler,Steven",2
US001,QJ685,"Summers,Steven",3
US001,FT381,"Hoffman,Amanda",3
US001,VL017,"Robinson,Michelle",2
US001,LL567,"Harper,Joseph",2
US001,QU217,"Browning,Rebecca",3
US001,TY258,"Franco,Michael",2
US001,SF972,"Thomas,Jacqueline",3
US001,OD182,"Stevenson,John",1
US001,VB750,"Nichols,Steven",2
US001,FU431,"Pearson,John",2
US001,IZ189,"Washington,Kathleen",1
US001,JC053,"Salinas,Christine",3
US001,YF968,"Sanders,Shirley",3
US001,SJ125,"Thornton,Lauren",3
US001,KE456,"Howard,John",2
US001,DH870,"Woods,Marilyn",2
US001,DO715,"Richards,James",1
US001,VP723,"Horne,David",3
US001,PH761,"Graham,Austin",2
US001,ME990,"Davis,Megan",2
US001,WU667,"Baker,Andrea",2
US001,TM691,"Gonzalez,David",2
US001,OW429,"Levine,Robert",2
US001,HR965,"Simmons,Alexander",3
US001,ZI753,"Scott,Doris",3
US001,MC080,"Price,Daniel",3
US001,EX957,"Smith,Kevin",3
US001,HM494,"Meyer,James",2
US001,AB601,"Wade,Stephanie",3
US001,GC120,"Harris,Jack",3
US001,FV180,"Lewis,Scott",2
US001,WH145,"Walters,John",2
US001,EL863,"Johnson,Gregory",3
US001,OI947,"Smith,Cynthia",2
US001,KE579,"Pratt,Charles",2
US001,AV720,"Williams,Jordan",2
US001,HB117,"Lester,Mary",3
US001,WI575,"Collins,Mary",2
US001,IA977,"Ray,Betty",2
US001,LL672,"Warren,Angela",2
US001,DN660,"Rollins,Nathan",2
US001,XA221,"Fields,Anthony",3
US001,ZU609,"Thomas,Frances",2
US001,MG853,"Holloway,Gary",2
US001,PH790,"Lee,Gregory",2
US001,QO832,"Duffy,Helen",2
US001,NZ674,"Turner,Brittany",2
US001,WD465,"Bailey,George",3
US001,UW038,"Reynolds,Donna",1
US001,ZW527,"Lowe,Sandra",2
US001,NP145,"Reed,Michelle",2
US001,DA467,"Martinez,Cynthia",2
US001,WI817,"Phillips,Jessica",2
US001,OL539,"Conley,Patrick",1
US001,BQ717,"James,Michelle",3
US001,QG292,"Davenport,Christopher",3
US001,UA221,"Clark,Richard",2
US001,OR126,"Martinez,Billy",2
US001,SD907,"Leonard,Kimberly",2
US001,XN451,"Robinson,Diana",1
US001,KX432,"Rosario,Margaret",3
US001,UN388,"Snow,George",2
US001,YG858,"Duncan,Nathan",1
US001,XU094,"Reynolds,Pamela",2
US001,WT012,"Miller,Matthew",2
US001,PD221,"Crawford,Randy",3
US001,RP054,"Todd,Robert",1
US001,VJ722,"King,Margaret",3
US001,CZ097,"French,David",2
US001,XU423,"Hall,Gabriel",2
US001,LV701,"Williams,Barbara",3
US001,WH723,"Frederick,George",3
US001,KD268,"York,Barbara",2
US001,TZ247,"Wilkerson,Janice",3
US001,PY031,"Rojas,Jean",2
US001,EW153,"Bray,Aaron",2
US001,GR339,"Hamilton,Joseph",3
US001,KG230,"Dixon,Dennis",3
US001,CA342,"Johnston,David",2
US001,OE590,"Long,Gary",3
US001,UT796,"Washington,Theresa",2
US001,YZ737,"Brown,Charles",3
US001,AR472,"Miller,Kimberly",3
US001,MK649,"Santana,Carolyn",1
US001,LA412,"Vasquez,Jennifer",2
US001,UO843,"Becker,Kevin",3
US001,GS246,"Sandoval,Lawrence",2
US001,AV312,"Griffin,Michelle",3
US001,LV567,"Gonzalez,Lauren",3
US001,JS166,"Singleton,Charles",2
US001,KN640,"Sims,Brenda",2
US001,RH277,"Colon,Nancy",2
US001,DQ813,"Garcia,Gary",3
US001,LW083,"Davis,Matthew",2
US001,ZQ936,"Ramirez,Timothy",2
US001,MT228,"Boyd,Linda",1
US001,CN136,"Boone,Susan",1
US001,UN211,"Martin,Katherine",1
US001,GA145,"Miller,William",1
US001,RY560,"Hicks,Samantha",3
US001,XK639,"Brown,Jeremy",3
US001,BG636,"Reese,Robert",3
US001,MK830,"Jefferson,Kevin",2
US001,QX548,"Perkins,Megan",3
US001,KM702,"Anderson,Alexander",2
US001,AF304,"Mitchell,Rose",3
US001,OO931,"Hale,Michael",2
US001,CC555,"Cole,Ann",3
US001,UM007,"Duncan,Deborah",2
US001,IA730,"Miller,Jean",3
US001,QS441,"Williams,David",3
US001,SX010,"Herrera,Mary",2
US001,BT367,"Henry,Benjamin",1
US001,QS506,"Sweet,John",3
US001,DX350,"Higgins,Joseph",2
US001,HY626,"Johnson,William",3
US001,PS189,"Harper,John",2
US001,PX847,"Roberts,Jeffrey",2
US001,YA599,"Murray,Katherine",3
US001,CB457,"Holt,Hannah",3
US001,AL211,"Williams,Charlotte",2
US001,IS517,"Vinson,Nicholas",2
US001,VR722,"Lynch,Edward",2
US001,FQ733,"Crawford,Stephen",2
US001,XV602,"Harrison,Isabella",2
US001,QJ027,"Floyd,Gregory",2
US001,TX718,"Black,Scott",2
US001,OM560,"Garcia,Mark",2
US001,II806,"Reed,Dorothy",1
US001,JM560,"Snider,Teresa",3
US001,SU603,"Cash,Adam",3
US001,OG249,"Garza,Alice",3
US001,RD090,"Middleton,Cynthia",3
US001,RP246,"Howard,Angela",2
US001,NO154,"Bailey,Richard",2
US001,KA258,"Rogers,Richard",2
US001,YF681,"Bean,Robert",3
US001,YK855,"Maddox,James",1
US001,GS064,"Neal,Margaret",2
US001,BN608,"Williams,Michael",2
US001,NX705,"Green,Samantha",3
US001,MF510,"Mcdonald,David",2
US001,YB813,"Sharp,Nicholas",2
US001,GV117,"Waller,Anthony",3
US001,MX256,"Wolf,Eric",3
US001,EM991,"Sims,Elizabeth",1
US001,MC605,"Robertson,Gregory",3
US001,VY622,"Pittman,Dorothy",2
US001,BK785,"Davis,Evelyn",3
US001,GA501,"Campbell,Robert",3
US001,DQ686,"Walker,Abigail",3
US001,OL348,"Hopkins,John",2
US001,IQ039,"Henry,Emma",2
US001,CL635,"Jordan,Judy",2
US001,XH586,"Roth,Jeffrey",3
US001,AQ228,"Gay,William",2
US001,SI452,"Frost,Gregory",2
US001,KP741,"Ellis,Nancy",1
US001,CB537,"Green,Deborah",2
US001,FZ112,"Young,Kathryn",3
US001,BL635,"Garrett,Christopher",3
US001,YJ130,"Kennedy,Brittany",3
US001,IZ121,"Lawrence,Walter",3
US001,VW365,"Webb,Patricia",2
US001,LO937,"Shaw,Jason",1
US001,MI272,"Davis,Michael",2
US001,JK410,"Warren,Steven",2
US001,LG730,"Shelton,Christopher",3
US001,JT133,"Sloan,David",2
US001,LX720,"Mitchell,Richard",2
US001,OF526,"Lynch,Samuel",3
US001,ZF671,"Lynch,Brian",2
US001,HV965,"Sullivan,Christian",3
US001,MM481,"Guzman,Pamela",2
US001,TS048,"Preston,David",2
US001,PV094,"Wilson,Michael",3
US001,ZK646,"Pena,Walter",2
US001,NE277,"Miller,Barbara",2
US001,MZ017,"Smith,Stephanie",2
US001,QC844,"Underwood,Daniel",3
US001,EA361,"Smith,Janet",3
US001,OH580,"Allen,Eric",3
US001,TA216,"Curtis,Lawrence",2
US001,YO084,"Wagner,Elizabeth",2
US001,OW919,"Copeland,Kelly",2
US001,TK306,"George,Dorothy",2
US001,NK600,"Wright,Joseph",2
US001,NK130,"Davis,Christopher",2
US001,DT774,"Davis,Margaret",1
US001,DT168,"Peterson,David",3
US001,GJ996,"Turner,Samuel",2
US001,ZT177,"Lancaster,Jason",2
US001,YH592,"Simmons,Gary",3
US001,XH763,"Blake,William",3
US001,VU789,"Ratliff,Isabella",2
US001,SY637,"Poole,Kimberly",2
US001,SK637,"Schneider,David",1
US001,YD770,"Griffin,Brenda",2
US001,FQ150,"Price,Jessica",2
US001,ZH098,"Armstrong,Evelyn",2
US001,WT642,"Williams,Charles",3
US001,DH884,"Franklin,Virginia",2
US001,FO063,"Hayes,John",2
US001,GK015,"Lee,Jason",3
US001,SQ212,"Wallace,Eric",2
US001,SV668,"Garner,William",3
US001,CO251,"Pitts,Joseph",3
US001,TA399,"Tillman,Michelle",2
US001,YI730,"Diaz,Paul",3
US001,DY887,"Allen,David",3
US001,RN466,"Webster,Vincent",3
US001,JC344,"Leblanc,Andrea",2
US001,AV959,"Henson,Nathan",3
US001,KY967,"Gonzales,Jeremy",2
US001,HW129,"Garcia,George",2
US001,VW097,"Lott,Nicholas",3
US001,MF873,"White,Alexander",2
US001,DN296,"Jones,Douglas",3
US001,JP096,"Houston,Donald",2
US001,JG388,"Jones,Henry",2
US001,TM053,"Buchanan,Evelyn",2
US001,HK251,"Gilmore,Nathan",2
US001,PW399,"Perry,Christopher",2
US001,AD960,"Nash,Melissa",2
US001,QE698,"Hopkins,Donald",3
US001,BR187,"Henderson,George",2
US001,YX304,"Smith,Bobby",2
US001,TA888,"Reyes,Deborah",2
US001,XE685,"Stone,Debra",2
US001,GO447,"Sexton,William",3
US001,GG426,"Richardson,Edward",3
US001,GG724,"Kelly,Kimberly",1
US001,QS288,"Richards,Joseph",3
US001,QE477,"Reed,James",3
US001,EM803,"Rhodes,James",2
US001,CA773,"Johnson,Richard",2
US001,XH902,"Abbott,Austin",3
US001,UA107,"Yates,Richard",3
US001,EX940,"Miller,Arthur",3
US001,NH459,"Martinez,Mary",3
US001,QF059,"Jordan,Catherine",2
US001,BC089,"Hampton,Amy",2
US001,OU976,"Lewis,Andrew",3
US001,LT008,"Ramirez,Ashley",2
US001,VB021,"Patton,Bruce",3
US001,LN558,"Gilbert,Helen",1
US001,YE024,"Munoz,Nathan",3
US001,BO370,"Harris,Rose",2
US001,YV268,"Clements,Jeffrey",2
US001,RU070,"Wilson,Mark",3
US001,XY965,"Sanchez,Andrew",2
US001,NG274,"Moore,Randy",3
US001,RJ470,"Vance,Logan",3
US001,IX602,"Perkins,Nicole",1
US001,MV938,"Wilson,Lisa",2
US001,VP637,"Jones,Mary",3
US001,XE619,"Carpenter,Logan",2
US001,GM437,"Clay,John",2
US001,HV276,"Flores,Patricia",3
US001,PI565,"Sweeney,Tyler",3
US001,XG876,"Elliott,Madison",2
US001,DW452,"Ellis,Joe",2
US001,NC845,"Pate,Jonathan",2
US001,KF467,"Barrett,Jennifer",3
US001,ZD095,"James,Stephanie",2
US001,ZP980,"Rocha,Ronald",2
US001,OY190,"Reid,Shirley",2
US001,QJ071,"Jenkins,Matthew",3
US001,HG889,"Taylor,Douglas",2
US001,IU266,"Brown,Timothy",2
US001,AX936,"Williams,Angela",2
US001,JF602,"Lowery,Dylan",3
US001,AD675,"Irwin,Larry",2
US001,FQ983,"Oliver,David",2
US001,EI442,"Santos,Beverly",2
US001,DO801,"Barber,Jose",2
US001,RQ264,"Hall,Patricia",2
US001,WB382,"Wood,Kelly",2
US001,RQ553,"Tanner,Michael",2
US001,BW586,"Anderson,Robert",3
US001,XH645,"Williams,Scott",1
US001,JZ346,"Alvarez,Martha",3
US001,WB774,"Sullivan,Charles",2
US001,KX408,"Ward,Judy",2
US001,LY208,"Burns,Charles",2
US001,PY921,"Hayes,Kathleen",2
US001,DQ702,"Bowen,Stephanie",2
US001,CG778,"Burgess,Margaret",2
US001,XK039,"Evans,Willie",2
US001,TM856,"Charles,Charles",3
US001,SF458,"Thomas,William",1
US001,SI821,"Byrd,Brian",2
US001,PB685,"Tucker,Hannah",2
US001,DD243,"Vaughan,James",2
US001,AX657,"Williams,Rebecca",3
US001,NJ444,"Gray,Steven",2
US001,CP452,"Blair,Thomas",3
US001,II496,"Hartman,Thomas",2
US001,NV705,"Oliver,Jose",2
US001,QA968,"Lee,Judy",2
US001,AI576,"Hardy,Peter",2
US001,PL807,"Madden,Theresa",3
US001,ZR876,"Day,Jack",2
US001,IR411,"Williams,Tyler",2
US001,PA869,"Walker,Charles",2
US001,BE750,"Ross,Sarah",2
US001,LZ604,"Moore,Peter",3
US001,DR667,"Watson,Amanda",2
US001,RG531,"Daniels,Jose",2
US001,MQ197,"Hayden,George",2
US001,QE838,"Patton,Amanda",3
US001,KF905,"Johnson,Dennis",1
US001,DS122,"Joyner,Rachel",2
US001,XR739,"Hunter,Joshua",2
US001,NC077,"Hart,Jessica",2
US001,VC365,"Armstrong,Jeremy",3
US001,EJ374,"Blankenship,Sharon",3
US001,RU301,"Jones,Marie",1
US001,BG015,"Johnson,Anthony",3
US001,TA429,"Jones,Robert",2
US001,OJ547,"Collins,Patricia",2
US001,HW502,"Merrill,Ryan",2
US001,GG935,"Smith,Patricia",2
US001,UP822,"Riley,Michael",3
US001,LB928,"Savage,Betty",2
US001,EJ939,"Paul,Joan",2
US001,TV305,"Salinas,Ashley",3
US001,HT940,"Murphy,Patricia",1
US001,AB412,"Norton,Beverly",3
US001,PP529,"Shaffer,Jose",1
US001,PF352,"Stokes,Janice",3
US001,OH526,"Michael,Laura",3
US001,YN630,"Sweet,David",1
US001,PI748,"Gonzalez,James",2
US001,XW762,"Anderson,Kathleen",2
US001,HB357,"Mcneil,Christine",2
US001,GR620,"Martin,John",2
US001,UY513,"Hudson,Thomas",2
US001,UN092,"Henderson,Helen",2
US001,GI126,"Baker,Nancy",3
US001,LZ314,"Miller,James",2
US001,XS661,"Holden,James",3
US001,WX311,"Johnson,Brian",3
US001,AD367,"Perez,Terry",2
US001,VN376,"Bennett,Jeffrey",3
US001,KR376,"Smith,Timothy",2
US001,DG635,"Campbell,Thomas",1
US001,UE543,"Shaw,Scott",1
US001,AZ736,"Smith,Andrew",2
US001,QM376,"Elliott,Patricia",2
US001,VD817,"Mitchell,Virginia",3
US001,JS899,"Castro,Nancy",3
US001,XN340,"Smith,Patricia",2
US001,JN107,"Johnson,Douglas",2
US001,EV037,"Bender,Jordan",2
US001,NJ241,"Baker,Raymond",3
US001,AT989,"Rodgers,Stephen",3
US001,PW610,"Mason,Stephanie",3
US001,VN217,"Flores,Zachary",2
US001,OS799,"Smith,Joseph",3
US001,AI279,"Griffin,David",3
US001,ZL400,"Pratt,Betty",3
US001,SY016,"Clark,Kevin",2
US001,ZC205,"Wilson,William",1
US001,WP746,"Miller,Doris",2
US001,UQ697,"Graham,Daniel",2
US001,PF032,"Taylor,Janet",2
US001,MO776,"Sanford,Jerry",2
US001,FI740,"Diaz,Henry",2
US001,RK226,"Cain,Lisa",3
US001,LP312,"Hernandez,Carl",2
US001,GQ662,"Gordon,Edward",3
US001,XR042,"Holcomb,Janice",3
US001,IJ851,"Johnson,Shirley",2
US001,IH413,"Morrison,Jennifer",2
US001,YQ472,"Jones,Joshua",2
US001,KN348,"Burns,Megan",2
US001,LU094,"Reed,Marilyn",2
US001,GA439,"Guy,Janet",2
US001,BT331,"Garrison,Michael",3
US001,YP183,"Mckenzie,Austin",2
US001,OT246,"Ramos,Melissa",2
US001,QY744,"Lewis,Juan",2
US001,DI678,"Fields,Bradley",3
US001,DX209,"Meyers,Nathan",2
US001,ZL502,"Tillman,Ethan",2
US001,WV950,"George,John",2
US001,TG150,"Christensen,Aaron",2
US001,IN922,"Smith,Christopher",3
US001,GP237,"Palmer,Deborah",2
US001,KQ407,"Foster,Jonathan",2
US001,UC814,"Atkins,Michael",2
US001,NB372,"Peck,James",2
US001,XO389,"Wells,Betty",3
US001,SP287,"Johnson,Benjamin",2
US001,KU735,"Navarro,Larry",2
US001,RV226,"Flores,Aaron",2
US001,KF329,"Sellers,Gerald",2
US001,GO050,"Lowe,Anna",3
US001,FQ778,"Moore,Richard",2
US001,MP395,"Phillips,Ronald",2
US001,BE040,"Rodriguez,Daniel",2
US001,ME316,"Anderson,Linda",2
US001,XU915,"Smith,Jose",2
US001,MT752,"Williams,Richard",1
US001,XK327,"Jones,Kayla",3
US001,XE660,"Lynn,Betty",2
US001,XC702,"Elliott,James",2
US001,UU245,"Martin,Judith",1
US001,ME981,"Rush,Robert",3
US001,DZ681,"Wilson,Tyler",2
US001,ZF808,"Jones,Karen",2
US001,JV764,"Reed,Madison",2
US001,RS601,"Thompson,Eric",2
US001,RW748,"Klein,John",3
US001,PS377,"Anderson,Madison",2
US001,VO189,"Wright,Mary",1
US001,JC349,"Conley,Alexis",2
US001,RH976,"Davenport,Christopher",2
US001,BG117,"Thompson,Ethan",3
US001,LX583,"Smith,Patricia",1
US001,SD049,"Garza,Dorothy",3
US001,VA923,"Santiago,Benjamin",2
US001,PC673,"Barker,Gregory",2
US001,VH445,"Barnes,Jose",2
US001,ON896,"Cox,Joan",2
US001,BO427,"Bender,David",3
US001,IU617,"Kline,Harold",3
US001,WU013,"Ochoa,Kevin",3
US001,GD711,"Allen,Barbara",3
US001,YU063,"Wilson,Justin",3
US001,SE038,"Ward,Ruth",3
US001,IK688,"Hahn,Marilyn",2
US001,II561,"Ortiz,Michael",3
US001,MI506,"Leblanc,Brian",2
US001,NF858,"Snow,Kevin",3
US001,XY234,"Ferguson,Brenda",2
US001,NC410,"Meyer,Edward",2
US001,RT494,"Kent,James",2
US001,AU885,"Reid,Michelle",3
US001,GI522,"Tate,Thomas",2
US001,KE377,"Miranda,Mary",2
US001,VV891,"Henson,Jeffrey",3
US001,KF896,"Mccoy,Joan",3
US001,NS109,"Williams,Betty",2
US001,GL636,"Howard,Andrew",2
US001,CI152,"Stevenson,Kathleen",2
US001,XA265,"Bailey,Robert",2
US001,VD318,"Woods,Edward",2
US001,NX596,"Harper,John",2
US001,HJ127,"Lambert,Linda",3
US001,DM605,"Martinez,Danielle",1
US001,DR742,"Sanders,Charles",2
US001,YP128,"Banks,Nicholas",3
US001,GB626,"Moore,James",2
US001,DL666,"Sanchez,Michael",2
US001,OO519,"Jones,Arthur",3
US001,HZ816,"George,Ashley",2
US001,SP105,"Dixon,Paul",2
US001,ND876,"Green,James",2
US001,BY696,"Gray,Linda",3
US001,IY504,"Cox,Joe",2
US001,VH586,"Graves,Robert",2
US001,LG222,"Wallace,Samantha",2
US001,MA617,"Phillips,Richard",2
US001,KB467,"Day,Amy",3
US001,LA734,"Hamilton,James",2
US001,IQ951,"Taylor,Shirley",2
US001,IX265,"Parks,William",2
US001,RC965,"Simmons,Thomas",2
US001,MH342,"Nelson,James",2
US001,HN686,"Hanson,Kimberly",3
US001,DD057,"Espinoza,Kimberly",3
US001,CZ007,"Martin,Thomas",3
US001,GS620,"Lee,Kevin",3
US001,PK985,"Byrd,Michelle",2
US001,XM240,"Johnson,Michael",3
US001,JH297,"Turner,Bruce",3
US001,RM037,"Porter,Henry",2
US001,CX040,"Wall,Laura",3
US001,EC286,"Smith,Ronald",2
US001,IO805,"Morris,Emily",2
US001,JD071,"Greer,John",2
US001,IY437,"Foreman,David",3
US001,SR848,"Morin,Martha",3
US001,WK095,"Lewis,Christopher",3
US001,DP823,"Hardy,Amanda",3
US001,HC194,"Wilkinson,Karen",3
US001,OK818,"Wilson,James",2
US001,LG310,"Hill,Ashley",2
US001,FR225,"Fletcher,Janet",3
US001,DC267,"Wilson,Richard",1
US001,EQ853,"Myers,Robert",2
US001,SC846,"Gilbert,Olivia",2
US001,QR957,"Watson,Walter",2
US001,QA337,"Weaver,John",3
US001,IG523,"Martin,James",3
US001,XK915,"Bennett,Rose",2
US001,AA690,"Gilbert,Catherine",2
US001,TC895,"Smith,James",2
US001,LD822,"Peters,Justin",3
US001,CL618,"Chang,Anthony",3
US001,TL952,"Burton,Scott",2
US001,JN264,"Harris,Linda",2
US001,SA070,"Mcintosh,Anthony",2
US001,KZ757,"Frank,Wayne",2
US001,GY471,"Dunn,Mark",1
US001,YR878,"Wood,Jennifer",2
US001,KF975,"Rice,Mary",1
US001,BM916,"Donaldson,James",1
US001,BJ843,"Thompson,Vincent",2
US001,BV665,"Wade,Janet",2
US001,VW382,"Sims,Stephen",2
US001,OW225,"Witt,Andrea",2
US001,MD360,"Kirby,Kimberly",2
US001,IX598,"Frye,Frances",3
US001,DC617,"Meyer,Robert",3
US001,NB537,"Edwards,Robert",2
US001,NZ605,"Mcgowan,James",2
US001,MH438,"Griffin,Stephanie",3
US001,ZN414,"Perkins,Brian",2
US001,QW816,"Barber,James",2
US001,QT115,"Herring,Diana",3
US001,VT708,"Wilkins,Steven",2
US001,JG903,"Mitchell,Nancy",3
US001,WR453,"Tillman,Elizabeth",3
US001,ZV107,"Pennington,Kathryn",2
US001,UG706,"Alexander,Timothy",1
US001,CU595,"Brennan,Danielle",2
US001,KY594,"Heath,Katherine",3
US001,OF399,"Lane,Stephen",2
US001,QB797,"Miller,Anthony",2
US001,BG264,"Hanson,John",2
US001,KQ377,"Clark,Justin",3
US001,IB428,"Fitzgerald,Christopher",3
US001,QA659,"Martinez,Mark",3
US001,HB437,"Cook,Louis",3
US001,AX481,"Ramos,Samuel",2
US001,MT729,"Jones,Michael",1
US001,LP961,"Martin,Susan",2
US001,GZ799,"Dorsey,Nancy",3
US001,EG965,"Flores,Christina",3
US001,KT572,"Lee,James",2
US001,DO195,"Buck,Sarah",2
US001,GB478,"Bowman,Mary",2
US001,NU629,"Burks,Terry",2
US001,PT801,"Rutledge,Jesse",1
US001,SG548,"Dorsey,Edward",2
US001,OW728,"Dawson,Paul",3
US001,GX159,"Alvarez,George",2
US001,EN662,"Davis,Mary",2
US001,HU642,"Owens,Kelly",2
US001,MM960,"Morris,Andrew",1
US001,JL868,"Bradley,Andrea",2
US001,TP161,"Robinson,Sophia",2
US001,JR702,"Finch,Sara",3
US001,VK840,"Wright,Patricia",1
US001,SI264,"Holt,Emma",2
US001,BO766,"Clark,Melissa",2
US001,LJ697,"Finley,Alexander",3
US001,KY304,"Craig,Thomas",2
US001,TL905,"Ramirez,Steven",3
US001,GB927,"Mckee,Edward",1
US001,IB411,"Bates,Emma",2
US001,QA056,"Carter,Shirley",3
US001,KZ425,"Parsons,Dennis",2
US001,QB029,"Rogers,Philip",1
US001,GL201,"King,Amy",3
US001,WV558,"Richardson,Christian",2
US001,OE934,"Rodriquez,David",2
US001,CI510,"Bryant,Janice",3
US001,VX277,"Smith,David",2
US001,AI480,"Stewart,Sophia",2
US001,KH704,"Holland,Alexander",2
US001,OL682,"Lowery,Alexander",2
US001,BU962,"Smith,Sarah",3
US001,MK030,"Matthews,Logan",3
US001,TO219,"Jones,Barbara",3
US001,AC261,"Hill,John",2
US001,PF527,"Scott,William",3
US001,ON938,"Taylor,Betty",3
US001,JC654,"Mitchell,John",3
US001,RH420,"Booker,Stephanie",2
US001,SQ541,"Baker,Lisa",2
US001,WM312,"Powell,Andrew",2
US001,QQ858,"Wells,Victoria",2
US001,LJ518,"Potter,Teresa",2
US001,NE653,"Sears,Gary",3
US001,VS480,"Francis,Helen",2
US001,RQ022,"Roberts,Elizabeth",2
US001,PH922,"Skinner,Joshua",2
US001,JV376,"Henry,Julie",2
US001,KQ210,"Phelps,Peter",2
US001,OB662,"Edwards,Maria",2
US001,TR810,"Garza,Dennis",3
US001,UF779,"Kim,Gloria",3
US001,OP918,"Reed,John",2
US001,CL014,"Clark,Roger",2
US001,GU346,"Oneil,Danielle",3
US001,LC437,"Patterson,Gerald",1
US001,SK997,"Hughes,Gerald",2
US001,LN569,"Lyons,Michael",2
US001,QR128,"Wright,Christian",1
US001,IS207,"Gonzalez,Anna",3
US001,KY424,"Watson,Adam",2
US001,PE440,"King,Jason",3
US001,WN042,"Snow,Jason",3
US001,PJ368,"Sanchez,Gary",2
US001,CW033,"Horton,Steven",3
US001,XB099,"Hayes,Michael",3
US001,VJ170,"Andrews,Michael",3
US001,RM511,"Carlson,Bradley",2
US001,OK359,"Logan,John",3
US001,AZ590,"Jones,Ronald",3
US001,QE872,"Chavez,Donald",3
US001,GN426,"Steele,Joshua",2
US001,LV576,"Rogers,Hannah",2
US001,SN076,"Allen,Charles",3
US001,WB877,"Owens,Denise",2
US001,WZ669,"Hull,Julie",2
US001,LC650,"Ray,Joe",2
US001,OT113,"Lopez,Robert",3
US001,LU842,"Garrison,William",3
US001,OK056,"Finch,Eric",3
US001,FZ584,"Smith,Robert",2
US001,PR012,"Olson,Kevin",2
US001,SL714,"Phillips,Brandon",2
US001,NN623,"Wilson,David",3
US001,WL438,"Clark,Richard",3
US001,JQ053,"Johnson,Albert",2
US001,PY611,"Brown,Carol",2
US001,TH524,"Murphy,Michael",2
US001,UK726,"Daugherty,Jeffrey",3
US001,VP621,"Wallace,Frances",2
US001,AG000,"Lloyd,Gary",2
US001,KT595,"Thomas,Melissa",3
US001,AU071,"Jones,Grace",3
US001,CE949,"Morris,Keith",2
US001,FK567,"Acosta,Kenneth",2
US001,FK438,"Knight,Paul",2
US001,ER106,"Oneil,William",2
US001,OS721,"Mitchell,Ashley",2
US001,LD793,"Williams,Brenda",2
US001,PQ175,"Lee,Jason",2
US001,TI412,"Kelly,Mary",2
US001,MX847,"Deleon,Charles",3
US001,JN274,"Orr,Logan",3
US001,LF488,"Jones,Robert",3
US001,IF331,"Adams,Charles",2
US001,DR676,"Barton,Gloria",2
US001,RV833,"Johnson,Nicholas",2
US001,RU095,"Boone,Charles",2
US001,JC290,"Jones,Thomas",2
US001,WW595,"Mills,Charles",2
US001,XZ301,"Brown,Madison",1
US001,JW344,"Morris,Angela",2
US001,EA421,"Mitchell,Karen",3
US001,DQ933,"Clayton,Alice",3
US001,ZO557,"Brown,Peter",2
US001,IQ432,"Hernandez,Alan",1
US001,FY069,"Rice,David",3
US001,WR676,"Brown,Barbara",3
US001,JL326,"Smith,Stephen",2
US001,CL479,"Maldonado,William",3
US001,IR329,"Brown,Edward",3
US001,CA261,"Hanson,Joyce",2
US001,TY581,"Faulkner,Matthew",2
US001,LV972,"Roberson,Carl",2
US001,OY189,"Watts,Anthony",1
US001,MM040,"Drake,Elizabeth",2
US001,PQ475,"Woods,Stephanie",3
US001,OY102,"Bright,Virginia",3
US001,TT640,"Harrison,John",3
US001,NE690,"Frank,Isabella",2
US001,JG749,"Blackwell,Gloria",3
US001,YT865,"Wells,Anthony",2
US001,NX636,"Reese,Stephen",2
US001,RC684,"Reeves,Elizabeth",3
US001,EH450,"Vasquez,Roy",3
US001,UP704,"Berry,Mary",3
US001,PU761,"Johnson,Joshua",2
US001,DF316,"Johnson,Anthony",3
US001,ZV333,"Massey,Madison",3
US001,NC212,"Smith,Ronald",3
US001,GR359,"Matthews,Steven",2
US001,IK364,"Stanley,Melissa",2
US001,YA034,"Carter,Mary",2
US001,BX594,"Ayala,Pamela",2
US001,PS602,"Kelley,Christopher",2
US001,FZ350,"Smith,Janet",3
US001,ED203,"Jones,Jose",1
US001,JC735,"Taylor,Charles",3
US001,BM484,"Collins,Louis",2
US001,JN541,"Harris,Jacqueline",2
US001,MZ345,"Wilkinson,Samantha",3
US001,IW753,"Olson,Ethan",3
US001,GO843,"King,Angela",3
US001,VW433,"Langley,Michael",2
US001,LY247,"Hill,Amy",2
US001,MR965,"Cook,Edward",2
US001,TW520,"Myers,Thomas",2
US001,ZJ476,"Perry,Philip",2
US001,OB608,"Gardner,Mary",2
US001,SM560,"Bryant,Andrea",2
US001,FD484,"Miller,Mark",1
US001,XC381,"Brown,Joseph",3
US001,JJ287,"Harris,John",2
US001,WD971,"Williams,James",3
US001,WA580,"Wood,Kathleen",2
US001,EB587,"Boyd,Sandra",2
US001,KT955,"Shields,Daniel",2
US001,LV909,"Johnson,Elizabeth",2
US001,SS280,"Cummings,Samantha",2
US001,GR827,"Mcgee,Patrick",3
US001,TD302,"Blevins,Nicholas",1
US001,MV091,"Castaneda,Kevin",2
US001,TB078,"Collins,Michael",3
US001,SD665,"Clark,John",2
US001,ZA228,"Vaughan,Anthony",3
US001,LF355,"Stokes,Doris",1
US001,QW769,"Hansen,Nancy",2
US001,VE172,"Burns,James",3
US001,SM478,"Aguilar,Laura",3
US001,VO588,"Frazier,Nicholas",2
US001,HQ442,"Sheppard,Margaret",2
US001,ZB450,"Davis,Jeffrey",2
US001,SJ307,"Dixon,Donald",3
US001,BP833,"Scott,Michael",3
US001,TT513,"Mckinney,Madison",2
US001,NB539,"Williams,Karen",2
US001,MK598,"Beck,Thomas",3
US001,VX173,"Monroe,Ryan",3
US001,TK669,"Allen,Amber",3
US001,OU527,"Leach,John",2
US001,NW561,"Garner,Logan",3
US001,QP708,"Lopez,Brian",3
US001,KD149,"Palmer,Eric",2
US001,EX395,"Newman,Timothy",3
US001,DN950,"Graham,Michelle",1
US001,TO885,"Herman,James",2
US001,CZ600,"Langley,Martha",2
US001,JW114,"Payne,Pamela",2
US001,WW845,"Saunders,Christina",2
US001,XW714,"Rodriquez,Mary",2
US001,VZ689,"Grant,Robert",3
US001,PC879,"Hernandez,Laura",2
US001,UZ571,"Freeman,James",2
US001,RK391,"Osborn,Patricia",3
US001,SH062,"Dyer,Terry",2
US001,BA483,"Ferguson,Bobby",2
US001,TI680,"Dorsey,Carl",2
US001,NC813,"Rodriguez,John",3
US001,VG563,"Castro,Roy",2
US001,LU933,"Douglas,Judith",2
US001,RP673,"Wood,Michael",2
US001,NT689,"Ferguson,Susan",2
US001,SK028,"Sims,Gary",3
US001,LK742,"Austin,Mary",3
US001,DW027,"Holt,Robert",2
US001,LP163,"Barlow,Sarah",3
US001,PV417,"Clark,Joseph",3
US001,QO380,"Gill,Nancy",3
US001,FB053,"Carter,Douglas",3
US001,KE976,"Doyle,Christopher",3
US001,OW296,"Wilson,Brandon",3
US001,TY675,"Mueller,Jason",3
US001,YM458,"Davis,Victoria",3
US001,RH717,"Stein,Edward",1
US001,AV081,"Frazier,Anna",2
US001,SD635,"Morales,Stephen",1
US001,DP001,"Collier,Susan",2
US001,YC412,"Williams,Patricia",3
US001,PF202,"White,John",1
US001,ZK388,"Brown,William",2
US001,ET749,"Brown,James",3
US001,YG394,"Ross,Ralph",2
US001,OT569,"Sanders,Billy",3
US001,TC420,"Blanchard,Robert",2
US001,JQ189,"Jones,Christian",3
US001,PZ161,"Harris,Susan",1
US001,RO634,"Wilson,Christopher",3
US001,YD889,"Fleming,Ronald",3
US001,WN234,"Torres,Steven",2
US001,EY477,"Gonzalez,Michael",3
US001,RC566,"Rich,Austin",3
US001,AN498,"Herrera,Charles",2
US001,DC220,"Martinez,Cynthia",2
US001,ZA823,"Harris,Nathan",2
US001,DU835,"Park,Alan",3
US001,ZA883,"Fuentes,Joe",3
US001,JE773,"Ellison,John",2
US001,BG018,"Andrews,Paul",2
US001,BM427,"Spencer,Robert",3
US001,FH656,"Miller,Charles",3
US001,QI338,"Hughes,Matthew",2
US001,HE996,"Lee,Michelle",2
US001,NK912,"Wood,Anthony",1
US001,JX940,"Jacobs,Emily",3
US001,WJ557,"Ward,Linda",2
US001,HH854,"Tillman,Roy",2
US001,LD180,"Hensley,Michael",2
US001,UK082,"Davis,James",2
US001,PH510,"Lynch,Anna",3
US001,SC324,"Davis,Lisa",2
US001,VD570,"Ford,Kevin",3
US001,CO439,"Sargent,William",3
US001,HR082,"Schultz,Edward",3
US001,DV964,"Foster,Deborah",3
US001,JF185,"Gonzalez,Victoria",3
US001,IB798,"Jordan,Peter",3
US001,TV825,"Collins,Charles",3
US001,GA584,"Mayo,Joe",3
US001,WY530,"Hull,Elizabeth",3
US001,WU718,"Schneider,Amanda",2
US001,MO223,"Cook,Linda",2
US001,TC021,"Cook,Barbara",2
US001,UY264,"Smith,John",2
US001,FX507,"Woods,Betty",3
US001,KD194,"Jones,Megan",2
US001,AF203,"Williams,Nancy",3
US001,OD343,"Crawford,Mark",2
US001,LL295,"Smith,Gerald",2
US001,MH101,"Greer,Jacqueline",2
US001,HP182,"Vaughn,Mary",3
US001,TG852,"Ellis,Julie",3
US001,IH656,"Brown,Lisa",1
US001,AS254,"Talley,Joan",3
US001,HE202,"Butler,Mary",3
US001,EW020,"Lawson,Maria",2
US001,YZ720,"Perez,Andrew",3
US001,DQ995,"Berger,Kimberly",2
US001,QD352,"Parker,Jack",3
US001,OH652,"Carpenter,Nicholas",3
US001,FI149,"Coleman,Julie",2
US001,VZ985,"Simpson,Mary",3
US001,CQ653,"Sawyer,Kenneth",2
US001,LM569,"Baker,Ruth",2
US001,OW010,"Hunt,Paul",3
US001,XN073,"Morrison,Katherine",3
US001,HL189,"Myers,Victoria",2
US001,NA483,"Doyle,Jennifer",3
US001,TH612,"White,Carolyn",3
US001,DU478,"Johnson,Betty",1
US001,ZY127,"Little,Dorothy",1
US001,XG317,"Brown,Michael",3
US001,YF760,"Williams,Ryan",1
US001,RN376,"Snow,Samuel",2
US001,RL799,"Myers,Isabella",3
US001,HM022,"Martin,Jeffrey",3
US001,PV810,"Ross,Janet",2
US001,JI150,"Clark,Lisa",3
US001,MV254,"Hammond,Sophia",3
US001,MZ834,"Alvarado,Nicole",2
US001,VC033,"Navarro,John",3
US001,NQ444,"Smith,Janice",2
US001,AE632,"Tucker,Mary",2
US001,UZ141,"Gray,Andrea",3
US001,RZ275,"Duke,Thomas",2
US001,PR527,"Montgomery,Scott",3
US001,FI072,"Savage,Frances",3
US001,HI988,"Johnson,Daniel",3
US001,YE752,"Miranda,Alexander",3
US001,RG484,"Maldonado,Christopher",3
US001,EZ050,"Kinney,Betty",3
US001,HC943,"Gibson,Christopher",1
US001,LE141,"Moody,Robert",2
US001,KF821,"Walker,Pamela",2
US001,TL782,"Davis,Sandra",2
US001,JM233,"Williams,Abigail",3
US001,IT903,"Moore,Kyle",3
US001,FK445,"Jackson,John",3
US001,ON374,"Ray,Andrew",2
US001,ST604,"Hubbard,Andrew",2
US001,DD789,"Brown,Eric",2
US001,SP150,"Garcia,Daniel",2
US001,UX281,"Mcdaniel,Barbara",3
US001,FZ915,"Decker,William",2
US001,QB470,"Mccoy,James",2
US001,CA934,"Larson,Margaret",2
US001,SS436,"Ramsey,Barbara",3
US001,DM949,"Chavez,Nancy",1
US001,JI350,"Glenn,Elizabeth",2
US001,WP738,"Smith,Rebecca",2
US001,CC426,"Payne,Donald",2
US001,EC648,"Fox,Stephanie",3
US001,IF503,"Russo,Eric",2
US001,WX509,"Tillman,Natalie",2
US001,CI844,"Cox,Charles",1
US001,ON289,"Johnson,Daniel",2
US001,KY270,"Coleman,Emma",2
US001,YZ985,"Potter,Donald",2
US001,KT234,"Buck,James",2
US001,YE420,"Davis,James",2
US001,WG668,"Conner,Ronald",3
US001,CD913,"Perez,Rachel",1
US001,HK975,"Price,Sean",3
US001,BU043,"Hill,Edward",2
US001,PJ059,"Lyons,Kenneth",1
US001,KZ456,"Webb,Matthew",2
US001,AM040,"Flynn,Michael",2
US001,VY171,"Olsen,Laura",1
US001,RP356,"Jones,Brittany",3
US001,IK837,"Rodriguez,Bruce",3
US001,YQ844,"Vargas,Jack",2
US001,ND959,"Smith,Doris",2
US001,QG837,"Martinez,James",2
US001,LX657,"Estes,Dennis",2
US001,LT355,"Huffman,Robert",2
US001,HR534,"King,Michael",2
US001,AO050,"Holland,Thomas",1
US001,LP145,"Bell,Mary",1
US001,QH506,"Alston,Timothy",2
US001,US775,"Hensley,Ronald",3
US001,FT039,"Wilson,Pamela",2
US001,YB911,"Hunt,Anna",1
US001,JE365,"Thomas,Jessica",2
US001,BA548,"Long,Lauren",2
US001,VO263,"Cooke,Amy",2
US001,TD980,"Boyd,Joshua",2
US001,NF421,"Hughes,Larry",3
US001,XY281,"Cunningham,Brittany",2
US001,CP925,"Brooks,Robert",3
US001,YJ442,"Jones,William",3
US001,QG497,"Ward,Raymond",3
US001,VL617,"George,Timothy",2
US001,WL382,"Mcclain,Patrick",2
US001,LG524,"Chavez,Carl",2
US001,LE787,"Ware,Kenneth",2
US001,FL717,"Thomas,Kimberly",2
US001,RT026,"Slater,Daniel",1
US001,GZ120,"Scott,Sandra",3
US001,QF582,"Gaines,Kelly",2
US001,ZK713,"Jackson,Raymond",2
US001,TM688,"Reeves,Michelle",2
US001,VS800,"Harding,Gary",3
US001,ZJ399,"Guerrero,Brian",3
US001,LR265,"Cross,Alexander",1
US001,HS326,"Sullivan,John",2
US001,GB586,"Lewis,Roy",2
US001,AM329,"Jenkins,Mary",2
US001,KW863,"Atkins,John",3
US001,IR040,"Humphrey,Ryan",3
US001,GI770,"Knight,Tyler",2
US001,KE931,"Nelson,Kenneth",3
US001,YP244,"Gutierrez,Rebecca",2
US001,XO811,"Smith,Kimberly",3
US001,FX630,"Sharp,Lisa",2
US001,ZC444,"Brewer,Kevin",2
US001,QF524,"Jones,Zachary",2
US001,DE061,"Branch,Joseph",2
US001,TJ621,"Hood,David",2
US001,XA114,"Lewis,Sean",2
US001,HC023,"Houston,Stephen",2
US001,CM967,"Tate,Diane",2
US001,EO080,"Garcia,Joseph",2
US001,NB589,"Gilliam,Cynthia",2
US001,BU546,"Wallace,John",1
US001,RI558,"Poole,Abigail",2
US001,FU724,"Wright,Michael",3
US001,BB320,"Fuller,Jacqueline",3
US001,KE559,"Vazquez,Gregory",3
US001,EH504,"Howe,Dennis",3
US001,WO629,"Melendez,Elizabeth",3
US001,JW945,"Mendoza,Zachary",2
US001,AI278,"Becker,Susan",2
US001,TR825,"Castillo,Jacob",1
US001,RF733,"Evans,Kelly",2
US001,XT407,"Rhodes,Susan",3
US001,BW136,"Bradley,Heather",1
US001,SZ914,"Jones,Arthur",3
US001,OJ299,"Mendoza,Lauren",3
US001,CY476,"Cook,Betty",2
US001,VO747,"Elliott,Arthur",2
US001,JZ354,"Mann,William",2
US001,TU351,"Alvarez,Elizabeth",2
US001,GT897,"Fletcher,Andrew",2
US001,FK463,"Mendez,Zachary",3
US001,ZO983,"Smith,Joseph",1
US001,JL618,"Robinson,Charles",2
US001,TH791,"Nieves,Ann",1
US001,YE769,"Roberts,David",3
US001,PN018,"Fletcher,Richard",3
US001,LN498,"Merritt,Jeffrey",2
US001,VV526,"Fisher,Anthony",3
US001,AY187,"Robinson,Lauren",2
US001,ST051,"Thomas,George",2
US001,HZ237,"Miller,Daniel",3
US001,MM682,"Garcia,David",3
US001,BC298,"Mitchell,Jonathan",2
US001,ZW590,"Watkins,Michael",1
US001,AS375,"Sutton,Jessica",3
US001,BI150,"Ellis,Matthew",3
US001,CL244,"Owens,Kevin",3
US001,MW363,"Collins,Karen",2
US001,FF949,"Kim,Angela",3
US001,JS356,"Williams,Teresa",3
US001,UA559,"Wyatt,Scott",3
US001,TC038,"Daugherty,Elizabeth",3
US001,BN546,"Fowler,Christina",3
US001,OB776,"Lee,Mary",2
US001,DA875,"Lopez,Melissa",2
US001,PX189,"Chan,Michael",3
US001,QG164,"Jones,Abigail",3
US001,PY637,"Diaz,Thomas",2
US001,XT802,"Romero,Arthur",2
US001,ZZ037,"Hill,Larry",1
US001,YQ895,"Hamilton,Robert",2
US001,QS973,"Johnson,Brenda",3
US001,XG551,"Williamson,James",2
US001,FP356,"Allen,Larry",1
US001,UL256,"Rodriguez,Joseph",2
US001,IH904,"Jackson,Brandon",2
US001,VR093,"Gray,William",2
US001,OQ819,"Hicks,Ralph",3
US001,QI696,"Brown,Brenda",3
US001,TY430,"Brown,Brenda",2
US001,SF240,"Smith,Justin",3
US001,TI443,"Wilson,Diana",2
US001,CT237,"James,David",3
US001,OK793,"Smith,Margaret",3
US001,PD316,"Williams,Karen",2
US001,ZJ110,"Donaldson,Margaret",2
US001,MM851,"Soto,Michael",1
US001,QG225,"Jackson,Nicholas",1
US001,DV004,"Perry,Alan",3
US001,YY914,"Smith,Michael",2
US001,OT330,"Hardin,David",2
US001,HH557,"Harrington,Richard",2
US001,WY470,"Smith,Barbara",2
US001,SW551,"Rodgers,Ronald",2
US001,LH301,"Clark,David",2
US001,RQ471,"Estes,Nancy",3
US001,HO889,"Schmidt,Patrick",2
US001,DO151,"West,Karen",3
US001,YW075,"Richardson,Raymond",2
US001,AC617,"Pruitt,Richard",1
US001,QL038,"Patterson,Angela",3
US001,ZQ085,"Parker,Maria",2
US001,BM166,"Buchanan,Andrew",2
US001,NN074,"Reed,Rachel",3
US001,BC167,"Lowe,Carolyn",2
US001,LS259,"Henry,Scott",2
US001,HD165,"Kane,Lisa",2
US001,GV675,"Simmons,Timothy",3
US001,MS879,"Briggs,Christopher",3
US001,QN953,"Fleming,John",2
US001,EA889,"Davis,John",2
US001,UY670,"Reynolds,Douglas",3
US001,FH761,"Stone,Daniel",2
US001,KC112,"Rodriguez,Anthony",2
US001,XV411,"Collier,Matthew",3
US001,LX360,"Hernandez,James",2
US001,FC660,"Williams,Henry",3
US001,IH800,"Cantrell,Ann",3
US001,CE973,"Sexton,Kathryn",2
US001,GO893,"Sanders,Kevin",3
US001,RI090,"Swanson,Michael",2
US001,GW346,"Parker,Robert",2
US001,NN865,"Johnson,Stephanie",2
US001,OA720,"Allen,Kimberly",3
US001,NN700,"Morgan,Joseph",3
US001,ZJ411,"Moore,Mary",3
US001,HU659,"Gonzalez,Timothy",2
US001,MM675,"Lewis,Anthony",2
US001,UI678,"King,Lisa",2
US001,AQ847,"Miller,Jeremy",1
US001,OW348,"Perez,Margaret",2
US001,FL862,"Sutton,Jennifer",2
US001,RS674,"Palmer,Roger",3
US001,VH072,"Wood,Lawrence",3
US001,FR974,"Johnson,Michael",2
US001,NI183,"Jones,Aaron",3
US001,LJ338,"Brown,Anthony",3
US001,BY214,"Reyes,Ralph",3
US001,VW270,"Porter,Mark",2
US001,NB891,"Greene,Christopher",2
US001,JL376,"Nelson,Gary",2
US001,TL434,"Kim,Edward",2
US001,IF659,"Trujillo,Mary",3
US001,TD681,"Vasquez,Margaret",2
US001,JG709,"Luna,Bradley",1
US001,TG602,"Roberts,Joan",2
US001,GY297,"Lewis,Samantha",2
US001,PA174,"Roach,Christopher",3
US001,YD928,"Anthony,Emily",3
US001,PA596,"Burns,Victoria",3
US001,IU046,"Allen,William",3
US001,OO413,"Bowman,Samuel",3
US001,IO715,"Johnson,Philip",3
US001,KZ326,"Beck,Karen",2
US001,II802,"Allen,Christine",2
US001,IF093,"Jefferson,Sharon",2
US001,XE643,"Mullen,Hannah",2
US001,OC951,"Johnson,Matthew",1
US001,HB550,"Hubbard,Laura",3
US001,CB944,"Allen,Catherine",3
US001,LD499,"Wilkerson,Stephen",2
US001,YY081,"Rosales,Martha",2
US001,BF104,"Porter,Richard",2
US001,UR818,"Hale,Patricia",2
US001,CS622,"Brooks,Alexander",2
US001,YJ179,"Lowery,Mary",3
US001,PU439,"Boyd,Sandra",1
US001,JE695,"Harmon,Robert",3
US001,RR237,"Walker,Edward",2
US001,WY288,"Rowe,Sandra",2
US001,HN804,"Brown,Susan",2
US001,DN201,"Harrison,Keith",2
US001,MI734,"Martin,Jennifer",3
US001,DL806,"Stevenson,Jerry",2
US001,FY618,"Jones,Heather",3
US001,RV050,"Langley,Paul",2
US001,AW819,"Gray,Lisa",1
US001,HF371,"Scott,Donna",2
US001,GF336,"Jones,Joyce",3
US001,JN191,"Perez,Laura",3
US001,AM117,"Elliott,Brian",3
US001,ZP778,"Johns,Jessica",2
US001,AN934,"Huff,William",3
US001,FI629,"Anderson,Helen",2
US001,IN363,"Davidson,Deborah",2
US001,LB964,"Hodges,Jack",3
US001,PT594,"Gibson,Elizabeth",2
US001,AA657,"Murray,Gary",2
US001,FD752,"Harper,Joan",3
US001,OO518,"Tucker,Emma",1
US001,XM263,"Oneil,Cynthia",3
US001,FO993,"Castro,Jacob",3
US001,WW596,"Kramer,Abigail",2
US001,TP079,"Myers,Margaret",3
US001,MA735,"Porter,Ashley",3
US001,HI556,"Johnson,Christine",3
US001,WM199,"Wilson,Alice",2
US001,CZ836,"Hall,Donald",2
US001,TQ353,"Gonzalez,Jennifer",2
US001,IA827,"West,Douglas",3
US001,WJ553,"Adams,Jordan",2
US001,XF670,"Lang,Patricia",1
US001,NY088,"Smith,Christopher",3
US001,VD807,"Gonzalez,Nicholas",2
US001,NG257,"Hardy,Samantha",3
US001,AK420,"Terrell,Jacob",2
US001,TT430,"Owens,Linda",3
US001,ML034,"Williams,Stephanie",2
US001,PR277,"Parker,Marilyn",3
US001,IQ774,"Mcfadden,Michael",3
US001,BF074,"Curry,Sandra",2
US001,OM886,"Randolph,Bobby",3
US001,HL410,"Cash,Patricia",1
US001,NX649,"Ramirez,Austin",3
US001,SW308,"Ward,Nancy",2
US001,JX853,"Kelly,Olivia",3
US001,HS497,"Brown,Charles",2
US001,VZ688,"Johnson,Donald",3
US001,TR541,"Rivers,Paul",3
US001,VM691,"Davenport,Anthony",2
US001,QH015,"Sullivan,Brandon",2
US001,UC292,"Winters,Christine",2
US001,NT898,"Williams,James",2
US001,YN469,"Acevedo,Scott",2
US001,HU291,"Clark,Michael",2
US001,GY652,"Kline,Laura",3
US001,PJ499,"Witt,Jennifer",2
US001,DK717,"Moore,Eric",3
US001,CE493,"Davis,John",3
US001,JF344,"Jensen,Theresa",2
US001,ZV399,"Ellis,Jessica",3
US001,ZG784,"Johnson,Kenneth",2
US001,VW324,"Castillo,Patricia",2
US001,FA918,"Ward,James",2
US001,FZ277,"Avery,Michael",3
US001,ZI218,"White,Linda",3
US001,EI532,"Logan,Gregory",2
US001,TF838,"Oneal,David",3
US001,MA426,"Mitchell,John",2
US001,TY455,"Flowers,Harold",3
US001,VX384,"Collins,Donna",3
US001,WE866,"Henderson,Angela",3
US001,JB490,"Sellers,Michelle",3
US001,JK161,"Henson,Raymond",2
US001,XO020,"Forbes,Jean",2
US001,ZG821,"Medina,Ryan",2
US001,KP272,"Mercado,Rebecca",3
US001,HY507,"Howard,Ruth",2
US001,PR429,"Smith,Mary",2
US001,CE145,"Thomas,Noah",2
US001,OI585,"Mccarty,Timothy",3
US001,GL683,"Shaw,Robert",2
US001,QO748,"Smith,Juan",2
US001,IH606,"Harris,Mary",3
US001,NZ085,"Gonzales,Mark",2
US001,MM938,"Riddle,Michael",2
US001,ES868,"Johnson,Brenda",2
US001,IN171,"Coleman,Kenneth",2
US001,WJ180,"Martinez,Angela",1
US001,SF758,"Bell,Wayne",2
US001,MK532,"Martin,Sarah",2
US001,AT031,"Vang,Charles",1
US001,WI001,"Cotton,William",3
US001,WT589,"Smith,Brandon",2
US001,EU244,"Carver,David",3
US001,TE075,"Barr,James",2
US001,JZ259,"Woods,William",3
US001,ZT483,"Wallace,Barbara",2
US001,MU882,"Fischer,John",3
US001,IU671,"Ramos,Gerald",3
US001,DJ917,"Hubbard,Sarah",2
US001,AL326,"Santos,James",2
US001,KI044,"Mclaughlin,Frank",2
US001,VY665,"Walton,Kenneth",2
US001,WZ589,"Little,Richard",3
US001,OG789,"Johnson,Brian",2
US001,DA951,"Buckner,Robert",3
US001,LM826,"Guerrero,Jennifer",2
US001,WZ405,"Frazier,Jennifer",3
US001,KR198,"Simpson,Henry",2
US001,JS928,"Bolton,Raymond",2
US001,FG890,"Smith,William",2
US001,ZX371,"Fisher,Willie",2
US001,XV757,"Moran,Linda",3
US001,BN150,"Christian,Russell",2
US001,CD069,"Hatfield,Mary",3
US001,EO087,"Hubbard,Tyler",3
US001,XJ421,"Ellis,Justin",1
US001,SN813,"Johnson,Joshua",2
US001,GG632,"Ward,Daniel",2
US001,NS869,"Fox,Mark",2
US001,JB883,"Campbell,Joshua",2
US001,LC723,"Carson,Linda",3
US001,OK871,"Richardson,Adam",2
US001,UO410,"Moore,Betty",2
US001,EJ832,"Simpson,Margaret",2
US001,TC540,"Garcia,Gregory",3
US001,LA095,"Duncan,Jeremy",1
US001,JB335,"Carpenter,Michael",2
US001,QJ544,"Harris,Andrew",2
US001,FE472,"Holt,Bruce",1
US001,SU118,"Cochran,Frank",3
US001,CW070,"Nguyen,John",3
US001,UA468,"Rogers,Sharon",2
US001,WO414,"Smith,Robert",2
US001,MJ485,"Barrett,Kathleen",2
US001,MS733,"Allen,James",3
US001,RZ389,"Hill,Isabella",2
US001,CX896,"Gomez,Mary",3
US001,JA942,"Fleming,Christopher",3
US001,ID262,"Horne,Gary",2
US001,OI018,"Morales,Christopher",2
US001,QD953,"Hines,John",2
US001,JS009,"Mcguire,John",3
US001,BK932,"Humphrey,Jacob",1
US001,XP140,"Pena,Donna",2
US001,LF118,"Reese,Joseph",2
US001,US206,"Acosta,Russell",2
US001,CO320,"Simon,Bryan",1
US001,KR916,"Barker,Patrick",3
US001,TG948,"Webster,Matthew",2
US001,ZX635,"Chang,Mary",3
US001,XE001,"Cortez,Terry",2
US001,UV353,"Lucas,Kevin",2
US001,WU004,"York,Edward",2
US001,VR096,"Williams,Maria",2
US001,HH152,"Marshall,Bradley",3
US001,WJ767,"Waters,Susan",2
US001,KF644,"Rodriguez,Charles",3
US001,RH877,"Martinez,Sean",3
US001,JN963,"Tucker,Mary",2
US001,DQ228,"Neal,Victoria",3
US001,XK274,"Rodriguez,Evelyn",2
US001,UU227,"French,Aaron",2
US001,LM527,"Mcdowell,Edward",2
US001,LZ137,"Gilbert,Patricia",3
US001,BJ186,"Rosario,Michelle",2
US001,OR160,"Davidson,Kathleen",3
US001,AE724,"Stein,Paul",3
US001,RS422,"Henderson,Joseph",2
US001,CT162,"Heath,Harold",2
US001,OM419,"Bishop,Ronald",2
US001,JU326,"Rose,Benjamin",3
US001,VZ070,"Charles,Theresa",1
US001,WU444,"Barber,Thomas",3
US001,VL341,"Williamson,James",3
US001,NO374,"Graham,Harold",3
US001,BN702,"Williams,Kevin",2
US001,DW667,"Walton,James",2
US001,SZ669,"Trevino,Paul",2
US001,TB396,"Ramirez,Judy",2
US001,BK802,"Blanchard,Denise",2
US001,GT180,"Payne,Kathleen",3
US001,GQ428,"Hoffman,Jesse",2
US001,IN708,"Smith,Mary",3
US001,VU066,"Henderson,Thomas",2
US001,RS949,"Tyson,Shirley",3
US001,WO537,"Scott,Robert",2
US001,JO092,"Webb,Margaret",3
US001,LH729,"Dean,Anthony",3
US001,QN271,"Smith,Martha",2
US001,PH171,"White,Rachel",2
US001,SI709,"Pena,Charles",2
US001,FW017,"Smith,William",3
US001,ID198,"Jackson,Gary",2
US001,EN707,"Hudson,Christopher",3
US001,CF138,"Roy,Mary",3
US001,UC471,"Snider,James",2
US001,UA501,"Johnson,Jeffrey",2
US001,ZP604,"Valentine,Benjamin",2
US001,NB480,"Kelly,Lisa",3
US001,SL245,"Wagner,Anthony",3
US001,XI509,"Reynolds,Sophia",3
US001,BF304,"Lancaster,Benjamin",2
US001,JJ746,"Miller,Russell",2
US001,LQ264,"Henry,Alan",3
US001,RM089,"Hensley,Anthony",3
US001,OI917,"Flynn,Michael",3
US001,FR413,"Pierce,Steven",2
US001,CG896,"Hodges,Jessica",2
US001,NO648,"Daugherty,Maria",1
US001,QI179,"Bowen,Gregory",1
US001,DX643,"Gentry,Charles",2
US001,YZ231,"Benson,Danielle",2
US001,HC768,"Stewart,Rebecca",2
US001,YQ704,"Davis,Terry",3
US001,ZV108,"Jackson,Donald",3
US001,WJ433,"Anthony,Patricia",2
US001,PX009,"Shepard,Eric",2
US001,SW898,"William,Anthony",2
US001,KS532,"Harrison,Barbara",2
US001,WO469,"Finch,Margaret",1
US001,YN078,"Lee,Amanda",2
US001,WD179,"Anderson,Benjamin",3
US001,ZD684,"Weaver,Wayne",1
US001,PW192,"Sanders,Emily",3
US001,QC928,"Lee,John",1
US001,AT343,"Brown,John",2
US001,FU522,"Garcia,Virginia",3
US001,YJ843,"Moore,Ethan",3
US001,RF915,"Arnold,Thomas",3
US001,QU392,"Taylor,Danielle",2
US001,TV090,"Gomez,Betty",2
US001,UX890,"Wallace,Brittany",2
US001,JR027,"Malone,Rachel",2
US001,TO556,"Smith,Robert",2
US001,NZ743,"Garcia,Alexander",2
US001,DA754,"Torres,Thomas",3
US001,PA270,"Phillips,Noah",2
US001,DD362,"Reynolds,Carol",2
US001,AS660,"Hardin,Jean",2
US001,OA442,"Garza,Danielle",1
US001,MD547,"Jones,Robert",2
US001,YR852,"Lee,Nancy",2
US001,DZ920,"Harris,Michael",3
US001,CG138,"Green,Ryan",1
US001,VV733,"Banks,Gabriel",2
US001,OX071,"Olson,John",2
US001,QK125,"Gregory,Richard",3
US001,RK445,"Smith,Ruth",1
US001,WZ514,"Cook,Robert",3
US001,JO056,"Rivera,Carol",2
US001,KX571,"Graves,Brian",2
US001,AU894,"Meyer,Alice",2
US001,DS102,"Williams,Michael",2
US001,XJ670,"Sanders,Kevin",3
US001,KM518,"Sutton,Aaron",2
US001,HR079,"Conley,Louis",3
US001,ZE154,"Horn,Michael",3
US001,FD942,"Chavez,Larry",3
US001,JS184,"Sims,Henry",2
US001,RT095,"Curry,Christopher",2
US001,MB278,"Jenkins,Daniel",1
US001,VE430,"Richardson,Kenneth",2
US001,LE075,"Yates,Louis",3
US001,JT407,"Porter,Ronald",3
US001,UP906,"Smith,Ronald",3
US001,PU175,"Wilson,Rachel",1
US001,XN545,"Anderson,Susan",3
US001,LG082,"Wright,David",3
US001,YY189,"Oneill,Sandra",2
US001,AB490,"Emerson,George",1
US001,OD995,"Smith,Laura",3
US001,OJ734,"James,Michael",2
US001,ZR591,"Hogan,Raymond",2
US001,VU985,"Miles,Jeffrey",2
US001,IZ956,"Hicks,Teresa",3
US001,IU381,"Baker,David",2
US001,CY894,"Alexander,Nancy",3
US001,VK497,"Carter,Joshua",2
US001,BX154,"Marsh,Charles",2
US001,AI970,"Jacobs,Helen",2
US001,FQ631,"Johnson,Kayla",2
US001,SA679,"Riley,David",3
US001,LS112,"Reyes,Jose",2
US001,QH205,"Lopez,Ronald",2
US001,UO726,"Fox,Stephen",3
US001,JC441,"Vang,Betty",2
US001,PR059,"Chen,Jordan",1
US001,CU475,"Castro,Anna",1
US001,PH283,"Haynes,Barbara",2
US001,LP599,"James,Thomas",3
US001,OO982,"Holland,Janice",2
US001,EM055,"Ryan,Kathleen",3
US001,EN090,"Hall,Sophia",2
US001,QT957,"Hicks,Jason",2
US001,DI488,"Clark,Daniel",1
US001,YH205,"Allen,Mark",2
US001,UC810,"Sandoval,John",2
US001,DV703,"Petty,Margaret",3
US001,MW764,"Russell,Steven",2
US001,UH196,"Richardson,Nancy",2
US001,UI348,"Massey,Terry",2
US001,RJ276,"Townsend,Zachary",2
US001,AH509,"Montoya,Matthew",3
US001,DP740,"Chen,James",2
US001,DI096,"Gordon,Roger",2
US001,QZ798,"Mcfadden,Ryan",2
US001,IU454,"Pruitt,Grace",2
US001,XK497,"Thompson,Marie",2
US001,YL075,"Cole,Joyce",2
US001,AW477,"Merrill,Kevin",2
US001,SH336,"Kirkland,Frances",3
US001,DU157,"Bennett,James",2
US001,IJ711,"King,Janice",3
US001,OX511,"Santos,Robert",1
US001,UP402,"Oliver,Frances",3
US001,SM359,"Yang,Gerald",3
US001,EP081,"Williams,Sarah",2
US001,DS518,"Morris,Emily",3
US001,HL059,"Anderson,Stephanie",3
US001,PV511,"Murray,Joseph",2
US001,QL283,"Molina,Timothy",3
US001,QJ930,"Mason,Mary",2
US001,YS060,"Jordan,Michael",2
US001,SJ659,"Sims,Raymond",2
US001,JW445,"Little,Jacqueline",3
US001,RI024,"Stanley,Sean",1
US001,AR828,"Solis,John",2
US001,GD467,"Wong,Kathleen",3
US001,BZ618,"Flores,Barbara",2
US001,DN604,"Fletcher,George",3
US001,RM985,"Baker,Carol",3
US001,FP435,"Underwood,Theresa",2
US001,LB661,"Hendrix,Donna",3
US001,EC749,"Tanner,Jason",3
US001,QD701,"Cross,Albert",1
US001,HK984,"Fernandez,Brian",2
US001,PA799,"Castro,Richard",3
US001,XK832,"Petty,Karen",2
US001,UJ389,"Bates,Adam",3
US001,ME115,"Leon,Betty",1
US001,QJ349,"Haynes,Sara",1
US001,PP606,"Nelson,Jason",3
US001,VH705,"Gonzalez,Donald",3
US001,NA650,"Hernandez,Alan",2
US001,OF458,"Acosta,Abigail",2
US001,IA055,"Newman,Brittany",1
US001,LO080,"Irwin,Michael",1
US001,DZ632,"Payne,Robert",1
US001,ME451,"Livingston,Michael",3
US001,MA928,"Brown,George",2
US001,ZO743,"Lee,Eric",2
US001,YR647,"Blake,Andrea",1
US001,MY135,"Wilson,David",2
US001,OW113,"Brown,Willie",2
US001,UM899,"Garza,James",2
US001,WN783,"Craft,James",1
US001,HE538,"Decker,Catherine",2
US001,VG884,"Mason,Donald",3
US001,OO061,"Melton,Kyle",2
US001,SP769,"Madden,Judy",2
US001,OO985,"Carter,Charles",3
US001,XW954,"Shields,Stephen",2
US001,LD227,"Allen,Jeffrey",2
US001,EI434,"Fields,Robert",3
US001,WY684,"Woods,Angela",2
US001,UO538,"Randall,Christina",3
US001,HE245,"Hutchinson,John",3
US001,CE815,"Byrd,Andrew",3
US001,BM679,"Robinson,Mary",2
US001,NZ147,"West,Karen",2
US001,AD352,"Cohen,William",2
US001,LJ261,"Taylor,Paul",3
US001,MJ759,"French,Pamela",3
US001,KU571,"Mcintyre,Benjamin",2
US001,IL307,"Kent,Rachel",2
US001,ER143,"White,Jordan",3
US001,YK031,"Davis,Tyler",2
US001,PY899,"Rivera,Larry",2
US001,DH364,"Diaz,Mary",3
US001,LW175,"Mejia,Raymond",2
US001,SL260,"Ward,Ashley",2
US001,TR710,"Nelson,Linda",2
US001,FV301,"Hewitt,Jose",2
US001,YF398,"Romero,Patricia",3
US001,LP178,"Huff,Virginia",3
US001,ZY626,"Schultz,Jonathan",2
US001,GO651,"Williams,Jonathan",3
US001,QI747,"Scott,Frances",2
US001,RZ319,"Tran,Richard",2
US001,UB723,"Edwards,Robert",2
US001,FB012,"Guzman,Danielle",3
US001,HQ611,"Jones,Mary",3
US001,RE614,"Kelly,Alexis",2
US001,UD023,"Bradshaw,Christopher",2
US001,HU504,"Alexander,Marie",2
US001,SH631,"Evans,Jason",2
US001,MY460,"Stewart,Joseph",1
US001,TH833,"White,Keith",2
US001,GX614,"Harris,Brandon",2
US001,QB010,"Johnson,Richard",3
US001,KK029,"Hicks,Mary",3
US001,WK574,"Cole,Cynthia",2
US001,AI624,"Wallace,Linda",2
US001,OD195,"Gibson,Daniel",2
US001,JX959,"Moss,Cheryl",3
US001,SD775,"Neal,Jennifer",1
US001,LL748,"Green,Brian",3
US001,DR082,"Franco,Logan",3
US001,VG858,"Moore,Sharon",3
US001,UU233,"Simmons,Gregory",3
US001,TK045,"Smith,Jeremy",2
US001,ZA868,"Clark,Alice",2
US001,GW208,"Moore,Cynthia",1
US001,RU837,"Tucker,Anthony",2
US001,VA766,"Hayes,Judy",2
US001,HN694,"Barrera,Nancy",2
US001,AR570,"Henderson,William",2
US001,EN233,"Grant,Debra",3
US001,EJ984,"Rodriguez,Michelle",3
US001,ET746,"Hunter,Robert",2
US001,NE263,"Weaver,Nicholas",1
US001,QA166,"Obrien,Victoria",2
US001,RJ852,"Ross,Alan",2
US001,OB441,"Johnson,Marie",1
US001,PA205,"Mayer,Stephen",3
US001,MP946,"Mercado,Nancy",3
US001,VY467,"Craig,Joshua",3
US001,CS832,"Matthews,Karen",2
US001,TB091,"Walker,Ronald",2
US001,WN442,"Reed,David",2
US001,TQ947,"Mack,Tyler",3
US001,EQ749,"Hawkins,Paul",2
US001,BH765,"Browning,Paul",3
US001,HP112,"Williams,Olivia",3
US001,JQ006,"Guerrero,John",2
US001,IH414,"Oconnor,David",1
US001,VO145,"Elliott,Gary",3
US001,RV667,"James,Jason",2
US001,LU730,"Cruz,Patricia",3
US001,CM177,"Morris,Roy",3
US001,WH158,"Odom,Helen",1
US001,JQ349,"Reynolds,Charlotte",2
US001,WN102,"Cooper,Anthony",3
US001,PD078,"Jones,Doris",2
US001,XD205,"Yang,David",3
US001,MO081,"Reed,Patricia",3
US001,KZ779,"Walsh,Bryan",2
US001,TY492,"Gallagher,Abigail",3
US001,YF382,"Branch,William",2
US001,TF934,"King,Lisa",2
US001,TV050,"Ballard,Jeffrey",1
US001,VV782,"Mcpherson,Kenneth",3
US001,RQ268,"Fernandez,Natalie",2
US001,FY796,"Rodriguez,Justin",2
US001,BM608,"Wright,Frank",1
US001,VE031,"Suarez,Douglas",2
US001,KI516,"Johnston,Nicholas",1
US001,NB479,"Wallace,Sandra",3
US001,SE619,"Woods,Christian",2
US001,KW917,"Flynn,James",2
US001,HA227,"Contreras,Michael",3
US001,ML567,"Jones,Nicole",3
US001,HX939,"Myers,Christine",3
US001,NT200,"Wright,Michael",3
US001,GM232,"Whitney,Joe",2
US001,PK078,"Phillips,James",2
US001,TF095,"Brown,Linda",3
US001,XN536,"Moore,Kimberly",3
US001,QT273,"Wilkins,Kathryn",2
US001,HM246,"Anderson,Jonathan",3
US001,LZ209,"Martinez,Eugene",3
US001,ZI886,"Ortega,Jason",2
US001,PX114,"Hopkins,Alexis",2
US001,RC826,"Gilmore,Vincent",3
US001,DD290,"Martin,Mary",3
US001,LL064,"Foster,Nancy",2
US001,WL466,"Ferguson,Edward",2
US001,TP558,"Conley,Arthur",3
US001,LV967,"Webster,Michelle",3
US001,TT818,"Glenn,William",3
US001,BU084,"Reyes,Kenneth",2
US001,NR558,"Smith,Kathryn",3
US001,UC699,"Walker,Joseph",1
US001,KW442,"Holloway,Carolyn",3
US001,MK109,"Baker,James",3
US001,PU758,"Nelson,Marilyn",1
US001,LB142,"Nash,David",3
US001,AQ396,"Reynolds,Linda",3
US001,HQ492,"Wood,Michael",2
US001,KO813,"Jacobs,Vincent",2
US001,UI978,"Thomas,Robert",2
US001,CI421,"Diaz,Sandra",2
US001,HB326,"Bentley,Henry",2
US001,LC178,"Mays,Kathleen",3
US001,AS655,"Garza,Bryan",2
US001,GL513,"Carson,Robert",3
US001,DY007,"Thomas,George",2
US001,GU093,"Green,Joshua",2
US001,ZI098,"Smith,Matthew",1
US001,OE066,"Ellison,Jesse",3
US001,LK874,"Riley,Keith",3
US001,OG327,"Jones,Emily",2
US001,BV384,"Manning,Jeffrey",2
US001,ZO482,"Jackson,Michael",2
US001,UO593,"Rogers,Frank",3
US001,BE938,"Smith,Robert",3
US001,CD613,"King,Larry",2
US001,SR461,"Lynch,Austin",2
US001,RT671,"Bryant,William",3
